,POA_CODE16,POA_NAME16,AREASQKM16,hail_size
0,0800,0800,3.1734,0.0
1,0810,0810,23.7902,0.0
2,0812,0812,35.8899,0.0
3,0815,0815,0.6381,0.0
4,0820,0820,39.0462,0.0
5,0822,0822,150783.0188,1.5125
6,0828,0828,28.6532,0.0
7,0829,0829,44.8402,0.0
8,0830,0830,235.004,0.0
9,0832,0832,19.7272,0.0
10,0834,0834,32.6301,0.0
11,0835,0835,76.8403,0.0
12,0836,0836,130.9305,0.0
13,0837,0837,118.1157,0.0
14,0838,0838,86.3366,1.0
15,0839,0839,1.1346,0.0
16,0840,0840,291.4476,0.0
17,0841,0841,142.2064,1.95
18,0845,0845,115.696,0.0
19,0846,0846,146.7377,0.0
20,0847,0847,402.0523,0.0
21,0850,0850,551.1508,1.0
22,0852,0852,441673.019,2.725
23,0853,0853,106.2851,0.0
24,0854,0854,12.5633,0.0
25,0860,0860,42.0605,4.3
26,0862,0862,117526.0241,0.0
27,0870,0870,59.6122,2.966666666666667
28,0872,0872,970496.8141,3.7421052631578946
29,0873,0873,172.5253,1.0
30,0874,0874,72.1518,0.0
31,0875,0875,29.0124,0.0
32,0880,0880,88.9707,0.0
33,0885,0885,2.7429,0.0
34,0886,0886,13.5083,0.0
35,2000,2000,4.2873,5.0
36,2006,2006,0.678,0.0
37,2007,2007,0.5588,2.5
38,2008,2008,0.845,0.0
39,2009,2009,0.9325,0.0
40,2010,2010,2.1733,3.9075
41,2011,2011,1.4009,5.5
42,2015,2015,4.2156,0.0
43,2016,2016,1.1717,0.0
44,2017,2017,1.9386,0.0
45,2018,2018,3.9305,0.0
46,2019,2019,6.7991,0.0
47,2020,2020,11.9607,6.7
48,2021,2021,5.7186,5.75
49,2022,2022,1.9227,0.0
50,2023,2023,2.3732,0.0
51,2024,2024,1.9245,0.0
52,2025,2025,1.2307,0.0
53,2026,2026,3.6555,5.0
54,2027,2027,1.3761,3.0
55,2028,2028,0.7921,0.0
56,2029,2029,2.5285,0.0
57,2030,2030,4.663,2.0
58,2031,2031,6.0941,3.0
59,2032,2032,2.475,2.5
60,2033,2033,2.2349,0.0
61,2034,2034,3.0497,0.0
62,2035,2035,8.1207,2.25
63,2036,2036,15.7133,3.75
64,2037,2037,2.1373,0.0
65,2038,2038,1.4931,0.0
66,2039,2039,1.8337,4.4
67,2040,2040,4.754,0.0
68,2041,2041,2.4666,0.0
69,2042,2042,2.0445,0.0
70,2043,2043,0.8077,0.0
71,2044,2044,3.8539,4.0
72,2045,2045,2.3828,0.0
73,2046,2046,6.0148,0.0
74,2047,2047,2.3101,0.0
75,2048,2048,1.218,0.0
76,2049,2049,1.929,0.0
77,2050,2050,0.8252,0.0
78,2052,2052,0.4341,0.0
79,2060,2060,2.6878,0.0
80,2061,2061,0.6317,0.0
81,2062,2062,1.5527,0.0
82,2063,2063,2.7281,0.0
83,2064,2064,2.5348,0.0
84,2065,2065,5.6761,0.0
85,2066,2066,9.579,0.0
86,2067,2067,5.8197,2.0
87,2068,2068,5.6655,4.2
88,2069,2069,7.5303,0.0
89,2070,2070,7.4617,0.0
90,2071,2071,7.822,0.0
91,2072,2072,3.8097,2.5
92,2073,2073,10.2304,3.65
93,2074,2074,22.0151,3.05
94,2075,2075,17.7427,0.0
95,2076,2076,15.8484,4.075
96,2077,2077,22.8665,3.4799999999999995
97,2079,2079,11.0622,8.0
98,2080,2080,10.5767,0.0
99,2081,2081,40.1939,0.0
100,2082,2082,9.6876,3.8
101,2083,2083,45.774,2.066666666666667
102,2084,2084,107.3731,3.6666666666666665
103,2085,2085,16.2026,2.5
104,2086,2086,8.0259,2.5
105,2087,2087,8.9311,0.0
106,2088,2088,8.6503,0.0
107,2089,2089,1.5105,4.0
108,2090,2090,2.0586,0.0
109,2092,2092,3.1079,0.0
110,2093,2093,7.529,0.0
111,2094,2094,1.1683,0.0
112,2095,2095,5.5668,0.0
113,2096,2096,3.4809,0.0
114,2097,2097,4.7261,0.0
115,2099,2099,12.2704,0.0
116,2100,2100,19.8084,4.0
117,2101,2101,26.6961,0.0
118,2102,2102,4.1945,2.0
119,2103,2103,4.5559,0.0
120,2104,2104,3.7398,0.0
121,2105,2105,2.1888,3.5
122,2106,2106,3.8119,2.5
123,2107,2107,7.8757,2.6
124,2108,2108,2.9542,0.0
125,2109,2109,1.755,0.0
126,2110,2110,4.3304,0.0
127,2111,2111,4.7044,3.0
128,2112,2112,9.3136,2.0
129,2113,2113,11.461,2.0
130,2114,2114,7.3639,3.0
131,2115,2115,3.9346,0.0
132,2116,2116,3.7996,2.0
133,2117,2117,7.1247,5.0
134,2118,2118,8.507,4.0
135,2119,2119,6.7407,2.0
136,2120,2120,13.8138,3.216666666666667
137,2121,2121,9.2013,0.0
138,2122,2122,9.0577,2.0
139,2123,2123,0.0218,0.0
140,2125,2125,9.2916,4.4
141,2126,2126,8.2603,8.0
142,2127,2127,8.1291,0.0
143,2128,2128,2.7,0.0
144,2129,2129,0.4663,0.0
145,2130,2130,1.2031,0.0
146,2131,2131,3.4143,0.0
147,2132,2132,2.4354,0.0
148,2133,2133,2.5503,0.0
149,2134,2134,2.4454,0.0
150,2135,2135,6.5375,2.0
151,2136,2136,3.4638,0.0
152,2137,2137,7.355,2.0
153,2138,2138,3.3902,0.8
154,2139,2139,0.391,0.0
155,2140,2140,3.2826,0.0
156,2141,2141,11.9477,0.0
157,2142,2142,11.0016,0.0
158,2143,2143,4.3104,0.0
159,2144,2144,8.5637,2.8
160,2145,2145,26.3676,3.357142857142857
161,2146,2146,6.0077,4.0
162,2147,2147,15.9973,2.433333333333333
163,2148,2148,38.8818,4.5
164,2150,2150,5.8472,3.5833333333333335
165,2151,2151,10.7334,2.8666666666666667
166,2152,2152,4.2858,0.0
167,2153,2153,24.5421,2.6
168,2154,2154,18.8102,5.3
169,2155,2155,35.1795,4.6
170,2156,2156,62.9548,5.08
171,2157,2157,148.4858,4.166666666666667
172,2158,2158,41.7948,0.0
173,2159,2159,127.4464,2.0
174,2160,2160,8.3971,3.1666666666666665
175,2161,2161,11.2311,4.0
176,2162,2162,5.7908,2.75
177,2163,2163,6.3533,2.0
178,2164,2164,20.5158,3.0
179,2165,2165,11.12,0.0
180,2166,2166,15.2543,3.0
181,2167,2167,6.9946,2.0
182,2168,2168,12.8684,1.9
183,2170,2170,54.3191,3.2
184,2171,2171,21.5329,0.0
185,2172,2172,3.6787,0.0
186,2173,2173,192.8683,2.0
187,2174,2174,6.0563,0.0
188,2175,2175,21.9683,5.0
189,2176,2176,19.8467,3.5
190,2177,2177,5.1959,0.0
191,2178,2178,54.3241,2.0
192,2179,2179,36.4744,4.3
193,2190,2190,9.7386,0.0
194,2191,2191,1.7826,0.0
195,2192,2192,2.7309,0.0
196,2193,2193,4.1959,0.0
197,2194,2194,3.3734,0.0
198,2195,2195,3.5488,0.0
199,2196,2196,7.0679,0.0
200,2197,2197,2.9286,0.0
201,2198,2198,3.3233,0.0
202,2199,2199,4.618,0.0
203,2200,2200,14.1069,2.0
204,2203,2203,2.0929,0.0
205,2204,2204,5.7903,2.0
206,2205,2205,4.2229,0.0
207,2206,2206,5.9786,0.0
208,2207,2207,7.2242,0.0
209,2208,2208,4.459,0.0
210,2209,2209,4.2499,0.0
211,2210,2210,11.0967,0.0
212,2211,2211,7.4064,5.0
213,2212,2212,6.2455,0.0
214,2213,2213,10.037,0.0
215,2214,2214,5.3711,0.0
216,2216,2216,5.5782,0.0
217,2217,2217,6.2613,0.0
218,2218,2218,2.6489,0.0
219,2219,2219,3.7807,0.0
220,2220,2220,5.1734,0.0
221,2221,2221,5.3879,0.0
222,2222,2222,2.5163,0.0
223,2223,2223,7.253,3.0
224,2224,2224,4.7012,0.0
225,2225,2225,2.1022,0.0
226,2226,2226,5.2222,0.0
227,2227,2227,4.5993,0.0
228,2228,2228,5.914,0.0
229,2229,2229,10.8128,0.0
230,2230,2230,9.1909,6.0
231,2231,2231,19.1994,0.0
232,2232,2232,14.4108,0.0
233,2233,2233,179.9875,3.3200000000000003
234,2234,2234,39.7249,3.8200000000000003
235,2250,2250,690.9284,3.75
236,2251,2251,50.8904,6.0
237,2256,2256,72.799,3.0
238,2257,2257,22.411,1.2
239,2258,2258,121.2568,4.0
240,2259,2259,524.7348,2.7
241,2260,2260,23.2489,4.9
242,2261,2261,51.4591,3.1
243,2262,2262,33.7953,0.0
244,2263,2263,22.3942,0.0
245,2264,2264,115.1942,3.0
246,2265,2265,136.0019,0.0
247,2267,2267,3.6556,0.0
248,2278,2278,44.0603,0.0
249,2280,2280,27.9287,4.2
250,2281,2281,30.9079,3.1333333333333333
251,2282,2282,10.5223,0.0
252,2283,2283,60.2462,2.75
253,2284,2284,24.2726,4.5
254,2285,2285,32.4611,2.9
255,2286,2286,25.2353,0.0
256,2287,2287,38.0741,4.0
257,2289,2289,11.4331,0.0
258,2290,2290,36.4023,2.0
259,2291,2291,7.193,0.0
260,2292,2292,2.8938,0.0
261,2293,2293,1.3228,3.0
262,2294,2294,2.0392,0.0
263,2295,2295,11.9478,2.0
264,2296,2296,0.7062,4.0
265,2297,2297,0.801,0.0
266,2298,2298,4.0042,2.0
267,2299,2299,5.2846,4.0
268,2300,2300,3.4401,4.175
269,2302,2302,0.8283,0.0
270,2303,2303,3.0004,0.0
271,2304,2304,39.5055,0.0
272,2305,2305,8.7987,2.0
273,2306,2306,1.777,0.0
274,2307,2307,6.5582,0.0
275,2308,2308,1.7907,0.0
276,2311,2311,783.5898,5.0
277,2312,2312,181.2071,2.0
278,2314,2314,8.0114,0.0
279,2315,2315,32.3446,4.0
280,2316,2316,73.9271,0.0
281,2317,2317,9.734,0.0
282,2318,2318,251.1885,3.5200000000000005
283,2319,2319,29.6406,3.0
284,2320,2320,403.8741,3.6374999999999997
285,2321,2321,359.9923,3.7875
286,2322,2322,166.7018,3.5
287,2323,2323,209.451,4.6000000000000005
288,2324,2324,627.4293,3.253333333333333
289,2325,2325,1434.4561,4.9625
290,2326,2326,82.5445,0.0
291,2327,2327,15.0694,5.5
292,2328,2328,1682.1246,5.5
293,2329,2329,3056.2045,3.0
294,2330,2330,4902.2093,4.852941176470587
295,2331,2331,137.2978,0.0
296,2333,2333,1644.1168,2.6
297,2334,2334,20.7073,0.0
298,2335,2335,268.4372,3.7
299,2336,2336,888.9717,7.0
300,2337,2337,3331.7271,2.675
301,2338,2338,989.4776,5.0
302,2339,2339,1120.8459,4.5
303,2340,2340,3352.9984,3.7964285714285713
304,2341,2341,227.9108,0.0
305,2342,2342,561.0816,4.666666666666667
306,2343,2343,3352.8924,4.0600000000000005
307,2344,2344,339.1674,0.0
308,2345,2345,291.7831,2.5
309,2346,2346,1967.8028,4.0375
310,2347,2347,3035.4851,3.483333333333333
311,2350,2350,4541.3656,3.766666666666667
312,2351,2351,1.8617,0.0
313,2352,2352,434.2708,2.5
314,2353,2353,198.8995,2.0
315,2354,2354,7142.149,3.217391304347826
316,2355,2355,918.5516,4.0
317,2356,2356,542.7306,0.0
318,2357,2357,3668.1781,3.1769230769230767
319,2358,2358,1905.5433,3.5105263157894737
320,2359,2359,1294.1139,3.725
321,2360,2360,3385.2978,4.142424242424242
322,2361,2361,1962.877,3.4625
323,2365,2365,3804.6686,3.7800000000000002
324,2369,2369,347.5058,3.0
325,2370,2370,4769.4223,3.476470588235294
326,2371,2371,1900.6028,2.05
327,2372,2372,4894.197,3.3333333333333335
328,2379,2379,1371.0388,4.2
329,2380,2380,2089.1897,3.7600000000000002
330,2381,2381,1723.0745,5.6
331,2382,2382,1826.3389,4.1
332,2386,2386,1979.4029,3.4333333333333336
333,2387,2387,1388.5196,0.0
334,2388,2388,6699.0871,3.857142857142857
335,2390,2390,4217.1071,5.427272727272727
336,2395,2395,823.5473,7.0
337,2396,2396,1480.8723,3.533333333333333
338,2397,2397,1694.9079,0.0
339,2398,2398,953.5519,0.0
340,2399,2399,806.3755,0.0
341,2400,2400,7569.009,4.029999999999999
342,2401,2401,652.7933,0.0
343,2402,2402,1631.0064,3.533333333333333
344,2403,2403,1006.9407,3.3333333333333335
345,2404,2404,1992.4545,5.1000000000000005
346,2405,2405,3420.91,0.0
347,2406,2406,3283.8754,3.1
348,2408,2408,1561.154,3.65
349,2409,2409,1608.9724,3.0
350,2410,2410,1532.7752,4.85
351,2411,2411,396.9284,3.25
352,2415,2415,451.8325,0.0
353,2420,2420,1023.5128,4.666666666666667
354,2421,2421,244.7457,0.0
355,2422,2422,3212.5916,2.4352941176470586
356,2423,2423,1346.8032,4.75
357,2424,2424,881.6889,0.0
358,2425,2425,518.0099,3.725
359,2426,2426,71.3349,0.0
360,2427,2427,39.8682,0.0
361,2428,2428,320.3653,0.0
362,2429,2429,1799.9008,3.577777777777778
363,2430,2430,843.4816,3.7099999999999995
364,2431,2431,45.9673,3.6
365,2439,2439,266.1753,4.75
366,2440,2440,3604.2399,3.8176470588235296
367,2441,2441,917.9574,3.7
368,2443,2443,408.7852,4.0
369,2444,2444,209.8406,3.177777777777778
370,2445,2445,76.8107,0.0
371,2446,2446,2320.597,2.742857142857143
372,2447,2447,566.6442,5.0
373,2448,2448,115.0676,2.988888888888889
374,2449,2449,582.3621,3.5
375,2450,2450,1019.7179,4.01875
376,2452,2452,12.7764,4.5
377,2453,2453,2157.9951,2.888888888888889
378,2454,2454,963.9769,4.4818181818181815
379,2455,2455,48.0551,0.0
380,2456,2456,205.4446,4.0
381,2460,2460,6590.3611,4.186440677966102
382,2462,2462,470.532,4.583333333333334
383,2463,2463,549.2925,5.316666666666666
384,2464,2464,102.8533,2.6
385,2465,2465,23.5903,0.0
386,2466,2466,40.6793,0.0
387,2469,2469,3827.0398,4.121739130434782
388,2470,2470,1256.5159,4.777777777777777
389,2471,2471,442.1506,3.475
390,2472,2472,466.4076,4.46
391,2473,2473,31.366,5.0
392,2474,2474,1537.6315,3.9
393,2475,2475,494.7232,4.0
394,2476,2476,805.2007,4.4
395,2477,2477,227.642,4.05
396,2478,2478,185.6501,3.8153846153846156
397,2479,2479,164.5709,2.5
398,2480,2480,1369.4567,3.7816326530612248
399,2481,2481,131.0291,0.0
400,2482,2482,180.2681,4.466666666666667
401,2483,2483,182.7314,5.0
402,2484,2484,972.3177,4.188235294117647
403,2485,2485,13.7352,4.4
404,2486,2486,100.2248,0.0
405,2487,2487,66.6062,4.533333333333334
406,2488,2488,13.626,0.0
407,2489,2489,14.5419,3.5
408,2490,2490,22.4375,0.0
409,2500,2500,26.5668,2.9
410,2502,2502,9.1601,0.0
411,2505,2505,13.6228,0.0
412,2506,2506,7.3207,0.0
413,2508,2508,162.241,3.7
414,2515,2515,14.2268,0.0
415,2516,2516,8.6615,0.0
416,2517,2517,9.1114,0.0
417,2518,2518,12.6178,0.0
418,2519,2519,9.2816,0.0
419,2522,2522,0.5912,0.0
420,2525,2525,8.5595,0.0
421,2526,2526,132.2947,3.9
422,2527,2527,96.0698,2.6
423,2528,2528,11.163,3.8
424,2529,2529,40.4464,3.0
425,2530,2530,88.3671,3.066666666666667
426,2533,2533,106.4037,2.8
427,2534,2534,76.2287,0.0
428,2535,2535,247.9753,2.0
429,2536,2536,974.8377,2.3666666666666667
430,2537,2537,1167.0234,3.0
431,2538,2538,390.357,0.0
432,2539,2539,686.166,3.5666666666666664
433,2540,2540,1900.7277,3.0
434,2541,2541,45.4319,2.0
435,2545,2545,876.5468,0.0
436,2546,2546,911.2673,0.0
437,2548,2548,120.1179,0.0
438,2549,2549,222.9511,0.0
439,2550,2550,3966.6691,3.7222222222222223
440,2551,2551,1398.1385,0.0
441,2555,2555,26.981,2.5
442,2556,2556,40.2134,3.5
443,2557,2557,36.6246,0.0
444,2558,2558,7.6039,0.0
445,2559,2559,4.3495,0.0
446,2560,2560,411.3139,2.8272727272727276
447,2563,2563,11.5603,0.0
448,2564,2564,9.0236,0.0
449,2565,2565,29.7638,0.0
450,2566,2566,28.2936,0.0
451,2567,2567,31.3652,0.0
452,2568,2568,34.0936,0.0
453,2569,2569,26.7707,0.0
454,2570,2570,469.364,3.785714285714285
455,2571,2571,250.2842,3.5888888888888886
456,2572,2572,106.1733,0.0
457,2573,2573,16.9782,4.4
458,2574,2574,350.23,2.3
459,2575,2575,973.4283,4.8
460,2576,2576,174.2442,3.5
461,2577,2577,1320.5648,3.5999999999999996
462,2578,2578,47.9223,3.0
463,2579,2579,860.117,3.5
464,2580,2580,5244.2434,2.7615384615384615
465,2581,2581,2106.6075,4.166666666666667
466,2582,2582,3062.7038,3.742857142857143
467,2583,2583,3382.689,5.2
468,2584,2584,281.3129,0.0
469,2585,2585,260.132,0.0
470,2586,2586,2323.2504,2.5
471,2587,2587,921.8587,3.8
472,2588,2588,218.0548,0.0
473,2590,2590,1320.4638,2.5
474,2594,2594,2418.7153,3.4
475,2600,2600,23.3394,3.15
476,2601,2601,15.233,2.5
477,2602,2602,21.9721,0.0
478,2603,2603,9.2066,2.68
479,2604,2604,5.4945,2.0
480,2605,2605,9.2938,0.0
481,2606,2606,9.0325,2.0
482,2607,2607,10.2741,0.0
483,2609,2609,114.7861,3.3000000000000003
484,2611,2611,1514.8991,3.1
485,2612,2612,9.4533,0.0
486,2614,2614,11.1128,4.4
487,2615,2615,28.5784,3.0
488,2617,2617,92.0837,2.5
489,2618,2618,267.4142,0.0
490,2619,2619,11.3301,0.0
491,2620,2620,2882.9104,3.6
492,2621,2621,853.2358,3.0
493,2622,2622,4524.5366,3.625
494,2623,2623,166.9084,0.0
495,2625,2625,1.0856,0.0
496,2626,2626,383.5687,3.0
497,2627,2627,3003.2461,2.725
498,2628,2628,2336.2568,0.0
499,2629,2629,1394.1965,0.0
500,2630,2630,4206.2229,3.5833333333333335
501,2631,2631,1199.4934,4.0
502,2632,2632,1825.4246,4.4
503,2633,2633,766.0264,4.0
504,2640,2640,1030.2208,2.433333333333333
505,2641,2641,33.5384,0.0
506,2642,2642,4076.6747,2.0
507,2643,2643,156.0675,0.0
508,2644,2644,2157.7365,0.0
509,2645,2645,1181.6878,5.5
510,2646,2646,2896.3329,5.0
511,2647,2647,356.9304,0.0
512,2648,2648,23897.3245,4.2
513,2649,2649,247.113,0.0
514,2650,2650,4061.2382,3.0555555555555554
515,2651,2651,34.62,0.0
516,2652,2652,6116.1136,4.3999999999999995
517,2653,2653,1228.8205,6.3
518,2655,2655,427.2764,0.0
519,2656,2656,1497.1368,4.2
520,2658,2658,748.0545,0.0
521,2659,2659,367.5445,0.0
522,2660,2660,451.2793,2.0
523,2661,2661,14.7623,0.0
524,2663,2663,492.6429,5.1
525,2665,2665,4109.6275,0.0
526,2666,2666,2462.5856,5.5
527,2668,2668,708.1132,2.0
528,2669,2669,6295.3459,4.0
529,2671,2671,3297.735,3.5
530,2672,2672,1794.2389,0.0
531,2675,2675,8518.5583,0.0
532,2678,2678,3.5099,0.0
533,2680,2680,1894.451,0.0
534,2681,2681,471.7586,0.0
535,2700,2700,3517.6729,3.0
536,2701,2701,852.1158,4.85
537,2702,2702,439.8686,0.0
538,2703,2703,56.8879,0.0
539,2705,2705,1129.153,2.2
540,2706,2706,725.4015,0.0
541,2707,2707,2112.3438,4.25
542,2710,2710,10466.1616,3.357142857142857
543,2711,2711,24180.2552,3.1333333333333333
544,2712,2712,966.5164,0.0
545,2713,2713,970.3101,2.0
546,2714,2714,708.6639,7.0
547,2715,2715,13750.0969,4.0
548,2716,2716,2360.4525,2.8000000000000003
549,2717,2717,134.5633,0.0
550,2720,2720,2485.6548,3.725
551,2721,2721,539.5029,0.0
552,2722,2722,1231.0262,0.0
553,2725,2725,262.3734,0.0
554,2726,2726,160.6689,4.0
555,2727,2727,981.5874,0.0
556,2729,2729,1069.5666,3.0
557,2730,2730,420.4857,3.3333333333333335
558,2731,2731,1428.4231,0.0
559,2732,2732,1849.8493,0.0
560,2733,2733,2279.3517,0.0
561,2734,2734,1755.2966,0.0
562,2735,2735,271.5744,0.0
563,2736,2736,213.2298,0.0
564,2737,2737,3345.6218,0.0
565,2738,2738,2067.0259,0.0
566,2739,2739,50.1706,0.0
567,2745,2745,168.7607,5.5
568,2747,2747,55.0667,3.1875
569,2748,2748,43.0734,0.0
570,2749,2749,47.0935,4.0
571,2750,2750,35.3701,2.4166666666666665
572,2752,2752,53.5689,5.25
573,2753,2753,166.3876,3.436363636363636
574,2754,2754,34.3251,3.7
575,2755,2755,3.0543,0.0
576,2756,2756,1486.8345,4.1923076923076925
577,2757,2757,8.3269,0.0
578,2758,2758,572.1443,4.0
579,2759,2759,15.5979,0.0
580,2760,2760,19.9308,3.5666666666666664
581,2761,2761,14.7648,2.0
582,2762,2762,13.8752,0.0
583,2763,2763,10.7285,2.0
584,2765,2765,130.746,3.0
585,2766,2766,27.2385,0.0
586,2767,2767,10.1088,4.4
587,2768,2768,9.0193,4.9
588,2769,2769,4.6535,0.0
589,2770,2770,24.7303,0.0
590,2773,2773,8.3936,5.0
591,2774,2774,21.2999,3.0
592,2775,2775,833.1402,3.1
593,2776,2776,14.932,3.675
594,2777,2777,54.7327,3.1777777777777776
595,2778,2778,20.9602,2.4
596,2779,2779,12.4995,3.9
597,2780,2780,38.4603,3.05625
598,2782,2782,21.0358,0.0
599,2783,2783,7.2887,3.0
600,2784,2784,6.1389,3.1
601,2785,2785,128.6447,2.8
602,2786,2786,84.7603,3.9
603,2787,2787,4632.7818,3.083333333333334
604,2790,2790,2481.3231,3.266666666666667
605,2791,2791,184.9651,0.0
606,2792,2792,369.6931,0.0
607,2793,2793,648.0055,0.0
608,2794,2794,1408.2659,4.1
609,2795,2795,5307.525,3.5291666666666663
610,2797,2797,147.8245,0.0
611,2798,2798,268.7089,0.0
612,2799,2799,630.7998,3.8333333333333335
613,2800,2800,1993.951,3.3684210526315788
614,2803,2803,342.0982,0.0
615,2804,2804,878.0498,0.0
616,2805,2805,289.854,0.0
617,2806,2806,519.6961,0.0
618,2807,2807,299.7008,0.0
619,2808,2808,242.5414,2.5
620,2809,2809,163.0067,0.0
621,2810,2810,2658.971,0.0
622,2817,2817,961.4848,0.0
623,2818,2818,471.7655,0.0
624,2820,2820,2438.751,5.1
625,2821,2821,2339.8603,3.0
626,2822,2822,593.4726,0.0
627,2823,2823,2782.3577,0.0
628,2824,2824,4843.6001,3.5
629,2825,2825,7298.9992,4.333333333333333
630,2826,2826,1153.7892,0.0
631,2827,2827,2872.9402,2.6333333333333333
632,2828,2828,2375.64,0.0
633,2829,2829,6664.7075,4.2
634,2830,2830,3013.6273,3.46875
635,2831,2831,22389.3648,4.2
636,2832,2832,9695.0643,4.0
637,2833,2833,5044.6093,3.2
638,2834,2834,2828.2929,0.0
639,2835,2835,30336.8248,5.833333333333333
640,2836,2836,31517.8004,4.96
641,2838,2838,3488.1482,4.0
642,2839,2839,12283.4719,4.5
643,2840,2840,62475.5917,4.833333333333333
644,2842,2842,1317.6706,3.0
645,2843,2843,1590.9155,5.5
646,2844,2844,1825.4323,3.0
647,2845,2845,67.0705,0.0
648,2846,2846,591.8498,6.2
649,2847,2847,98.897,0.0
650,2848,2848,166.2149,5.5
651,2849,2849,2801.764,3.625
652,2850,2850,6004.6524,3.1565217391304343
653,2852,2852,1240.9911,3.5
654,2864,2864,438.2458,0.0
655,2865,2865,620.1745,0.0
656,2866,2866,1198.7089,3.25
657,2867,2867,1042.378,0.0
658,2868,2868,777.9814,0.0
659,2869,2869,2103.7978,2.5
660,2870,2870,2300.4911,2.5
661,2871,2871,4193.4835,4.383333333333334
662,2873,2873,3202.9936,3.2
663,2874,2874,1358.1326,0.0
664,2875,2875,2311.0022,3.0
665,2876,2876,733.3775,0.0
666,2877,2877,14859.9262,4.125
667,2878,2878,18261.1235,5.0
668,2879,2879,13320.0094,0.0
669,2880,2880,66196.0348,3.3777777777777778
670,2898,2898,16.2918,0.0
671,2899,2899,38.6509,0.0
672,2900,2900,101.1042,0.0
673,2902,2902,11.3361,0.0
674,2903,2903,6.484,0.0
675,2904,2904,9.7514,3.15
676,2905,2905,19.8141,0.0
677,2906,2906,11.2186,3.0
678,2911,2911,5.0536,3.0
679,2912,2912,49.725,4.3
680,2913,2913,17.7279,3.0
681,2914,2914,16.4907,0.0
682,3000,3000,3.1881,2.75
683,3002,3002,1.8557,0.0
684,3003,3003,6.5821,0.0
685,3004,3004,3.3164,3.3538461538461544
686,3005,3005,0.1183,0.0
687,3006,3006,1.8541,0.0
688,3008,3008,3.0296,0.0
689,3010,3010,0.5403,0.0
690,3011,3011,5.9663,0.0
691,3012,3012,15.2579,0.0
692,3013,3013,5.6585,0.0
693,3015,3015,8.9003,0.0
694,3016,3016,7.3729,0.0
695,3018,3018,17.6847,0.0
696,3019,3019,4.3246,0.0
697,3020,3020,25.1062,5.0
698,3021,3021,19.7531,4.3
699,3022,3022,2.1307,0.0
700,3023,3023,39.5155,0.0
701,3024,3024,151.2862,0.0
702,3025,3025,13.9443,0.0
703,3026,3026,15.4613,0.0
704,3027,3027,3.8325,0.0
705,3028,3028,15.9193,2.0
706,3029,3029,102.9012,0.0
707,3030,3030,252.7174,5.0
708,3031,3031,5.0187,0.0
709,3032,3032,9.7479,3.2
710,3033,3033,8.8077,0.0
711,3034,3034,5.4087,0.0
712,3036,3036,18.1531,2.0
713,3037,3037,22.5466,4.1000000000000005
714,3038,3038,13.3509,6.7
715,3039,3039,4.3551,0.0
716,3040,3040,8.7366,0.0
717,3041,3041,8.2316,2.0
718,3042,3042,8.8958,0.0
719,3043,3043,12.4013,0.0
720,3044,3044,8.0232,2.0
721,3045,3045,27.0408,0.0
722,3046,3046,14.2983,2.0
723,3047,3047,11.4857,0.0
724,3048,3048,7.7607,0.0
725,3049,3049,10.0721,0.0
726,3050,3050,0.0827,0.0
727,3051,3051,2.3455,3.0
728,3052,3052,3.442,2.0
729,3053,3053,1.7488,0.0
730,3054,3054,2.3042,0.0
731,3055,3055,3.2333,0.0
732,3056,3056,4.9839,4.0
733,3057,3057,2.257,0.0
734,3058,3058,11.7021,2.0
735,3059,3059,30.5629,0.0
736,3060,3060,5.2301,0.0
737,3061,3061,12.247,0.0
738,3062,3062,5.4102,0.0
739,3063,3063,45.0391,0.0
740,3064,3064,107.2974,0.0
741,3065,3065,1.4196,0.0
742,3066,3066,1.3267,0.0
743,3067,3067,1.8302,3.0
744,3068,3068,4.053,0.0
745,3070,3070,6.0094,3.0
746,3071,3071,5.1328,0.0
747,3072,3072,11.4678,0.0
748,3073,3073,18.9665,0.0
749,3074,3074,14.7441,0.0
750,3075,3075,7.7247,0.0
751,3076,3076,35.2737,0.0
752,3078,3078,6.3554,0.0
753,3079,3079,7.6392,0.0
754,3081,3081,6.231,0.0
755,3082,3082,13.066,0.0
756,3083,3083,16.1944,0.0
757,3084,3084,13.0609,0.0
758,3085,3085,7.5041,0.0
759,3086,3086,2.3848,0.0
760,3087,3087,3.7507,0.0
761,3088,3088,13.1584,0.0
762,3089,3089,17.836,5.0
763,3090,3090,10.9752,0.0
764,3091,3091,15.3453,0.0
765,3093,3093,6.8224,0.0
766,3094,3094,3.8318,2.0
767,3095,3095,30.2142,3.0
768,3096,3096,8.9885,0.0
769,3097,3097,39.7809,0.0
770,3099,3099,99.9978,0.0
771,3101,3101,10.4847,0.0
772,3102,3102,4.0648,0.0
773,3103,3103,5.2738,0.0
774,3104,3104,9.0928,2.0
775,3105,3105,6.5138,0.8
776,3106,3106,16.141,0.0
777,3107,3107,5.9227,0.0
778,3108,3108,8.7804,6.0
779,3109,3109,11.108,0.0
780,3111,3111,11.691,0.0
781,3113,3113,26.1086,2.0
782,3114,3114,9.4751,0.0
783,3115,3115,23.2172,0.0
784,3116,3116,22.2024,0.0
785,3121,3121,6.2125,3.0
786,3122,3122,5.8773,0.0
787,3123,3123,3.4843,0.0
788,3124,3124,7.5978,0.0
789,3125,3125,6.0826,3.0
790,3126,3126,3.1303,0.0
791,3127,3127,6.1341,0.0
792,3128,3128,7.012,5.0
793,3129,3129,6.1311,0.0
794,3130,3130,12.2043,5.0
795,3131,3131,9.1487,0.0
796,3132,3132,6.6271,0.0
797,3133,3133,10.7938,0.0
798,3134,3134,22.8758,2.7600000000000002
799,3135,3135,9.155,3.3333333333333335
800,3136,3136,23.0364,3.0
801,3137,3137,12.6832,0.0
802,3138,3138,12.5016,0.0
803,3139,3139,238.1912,3.0
804,3140,3140,29.1738,0.0
805,3141,3141,3.5476,0.0
806,3142,3142,4.2727,0.0
807,3143,3143,2.1647,0.0
808,3144,3144,3.4211,0.0
809,3145,3145,8.981,3.0
810,3146,3146,8.3088,5.0
811,3147,3147,5.3819,0.0
812,3148,3148,2.9966,0.0
813,3149,3149,15.1846,3.642857142857143
814,3150,3150,27.2797,3.2
815,3151,3151,4.263,0.0
816,3152,3152,22.2598,0.0
817,3153,3153,14.4819,3.8
818,3154,3154,6.3676,0.0
819,3155,3155,11.3404,4.2
820,3156,3156,53.5101,3.8
821,3158,3158,6.2172,0.0
822,3159,3159,14.0266,0.0
823,3160,3160,20.9449,0.0
824,3161,3161,4.2015,0.0
825,3162,3162,4.7426,0.0
826,3163,3163,7.2128,0.0
827,3165,3165,9.0366,0.0
828,3166,3166,8.4652,2.0
829,3167,3167,6.6515,0.0
830,3168,3168,8.217,0.0
831,3169,3169,11.4472,0.0
832,3170,3170,10.7189,0.0
833,3171,3171,11.0861,0.0
834,3172,3172,12.7476,0.0
835,3173,3173,21.714,0.0
836,3174,3174,12.3026,2.0
837,3175,3175,73.8316,4.0
838,3177,3177,5.1934,0.0
839,3178,3178,21.7653,0.0
840,3179,3179,8.6902,0.0
841,3180,3180,5.6689,7.3
842,3181,3181,2.9335,0.0
843,3182,3182,3.7072,0.0
844,3183,3183,3.0288,0.0
845,3184,3184,2.5953,0.0
846,3185,3185,3.1474,0.0
847,3186,3186,8.3702,0.0
848,3187,3187,5.6196,4.0
849,3188,3188,5.5403,0.0
850,3189,3189,4.5832,0.0
851,3190,3190,3.658,0.0
852,3191,3191,3.9185,0.0
853,3192,3192,10.5758,4.0
854,3193,3193,8.3434,0.0
855,3194,3194,7.5255,0.0
856,3195,3195,24.4768,0.0
857,3196,3196,10.6833,0.0
858,3197,3197,5.8242,0.0
859,3198,3198,12.3974,0.0
860,3199,3199,34.3393,0.0
861,3200,3200,5.1183,3.0
862,3201,3201,20.3079,0.0
863,3202,3202,7.1165,0.0
864,3204,3204,8.3411,0.0
865,3205,3205,2.1899,0.0
866,3206,3206,3.6867,0.0
867,3207,3207,9.5704,0.0
868,3211,3211,181.1975,0.0
869,3212,3212,189.57,0.0
870,3213,3213,251.0269,2.0
871,3214,3214,27.2177,2.2800000000000002
872,3215,3215,16.8231,0.0
873,3216,3216,49.7061,0.0
874,3217,3217,134.8368,3.0
875,3218,3218,90.8862,0.0
876,3219,3219,15.7874,0.0
877,3220,3220,11.5417,0.0
878,3221,3221,111.2254,0.0
879,3222,3222,145.2073,0.0
880,3223,3223,71.8556,2.25
881,3224,3224,62.5186,4.0
882,3225,3225,31.7233,0.0
883,3226,3226,18.4215,0.0
884,3227,3227,74.2734,0.0
885,3228,3228,102.7528,0.0
886,3230,3230,96.7604,2.0
887,3231,3231,58.6744,0.0
888,3232,3232,102.6521,0.0
889,3233,3233,186.9825,0.0
890,3234,3234,150.5727,0.0
891,3235,3235,190.3812,0.0
892,3236,3236,47.6929,0.0
893,3237,3237,378.1372,0.0
894,3238,3238,234.6113,0.0
895,3239,3239,383.6799,0.0
896,3240,3240,218.0904,0.0
897,3241,3241,620.1285,3.0
898,3242,3242,132.3472,0.0
899,3243,3243,257.6269,0.0
900,3249,3249,1244.1822,2.45
901,3250,3250,82.9772,2.0
902,3251,3251,292.1002,0.0
903,3254,3254,17.6413,0.0
904,3260,3260,1107.7264,2.0
905,3264,3264,119.3816,0.0
906,3265,3265,895.8641,4.4
907,3266,3266,568.1109,2.0
908,3267,3267,93.4998,0.0
909,3268,3268,585.1451,0.0
910,3269,3269,201.1353,0.0
911,3270,3270,40.1269,0.0
912,3271,3271,436.6505,0.0
913,3272,3272,673.721,5.0
914,3273,3273,223.5373,0.0
915,3274,3274,276.6066,0.0
916,3275,3275,16.1264,0.0
917,3276,3276,334.9388,0.0
918,3277,3277,211.9207,0.0
919,3278,3278,61.077,0.0
920,3279,3279,125.9759,0.0
921,3280,3280,77.5083,0.0
922,3281,3281,160.21,0.0
923,3282,3282,62.7127,0.0
924,3283,3283,382.9763,7.0
925,3284,3284,221.4754,0.0
926,3285,3285,411.2,0.0
927,3286,3286,389.2015,0.0
928,3287,3287,330.531,0.0
929,3289,3289,567.1775,0.0
930,3292,3292,225.2195,0.0
931,3293,3293,482.5043,0.0
932,3294,3294,931.4482,2.8333333333333335
933,3300,3300,322.628,3.75
934,3301,3301,979.2958,7.4
935,3302,3302,424.7183,0.0
936,3303,3303,483.4426,0.0
937,3304,3304,1981.2472,0.0
938,3305,3305,801.8053,4.0
939,3309,3309,113.6684,0.0
940,3310,3310,123.2041,0.0
941,3311,3311,371.1008,0.0
942,3312,3312,2976.4161,0.0
943,3314,3314,1399.1395,0.0
944,3315,3315,1324.8193,0.0
945,3317,3317,383.5895,0.0
946,3318,3318,1303.4597,2.0
947,3319,3319,578.815,0.0
948,3321,3321,327.7169,0.0
949,3322,3322,114.677,0.0
950,3323,3323,225.9969,0.0
951,3324,3324,390.3996,0.0
952,3325,3325,494.5392,2.0
953,3328,3328,60.7585,0.0
954,3329,3329,296.2173,1.0
955,3330,3330,186.7436,0.0
956,3331,3331,264.0579,2.0
957,3332,3332,88.3235,0.0
958,3333,3333,241.7508,2.5
959,3334,3334,257.5762,0.0
960,3335,3335,100.7363,4.3
961,3337,3337,154.9073,3.5999999999999996
962,3338,3338,113.0557,0.0
963,3340,3340,600.3247,0.0
964,3341,3341,156.4306,0.0
965,3342,3342,446.8081,2.966666666666667
966,3345,3345,46.1058,0.0
967,3350,3350,86.7804,4.35
968,3351,3351,1518.5504,3.0
969,3352,3352,1922.9475,0.0
970,3355,3355,30.3596,3.45
971,3356,3356,16.1649,0.0
972,3357,3357,25.4355,0.0
973,3360,3360,287.3113,0.0
974,3361,3361,463.5322,3.2
975,3363,3363,161.8011,2.0
976,3364,3364,584.9719,0.0
977,3370,3370,272.5268,2.0
978,3371,3371,311.63,0.0
979,3373,3373,888.3971,3.0
980,3374,3374,154.9187,3.0
981,3375,3375,367.2823,0.0
982,3377,3377,1324.6383,2.3333333333333335
983,3378,3378,308.3383,0.0
984,3379,3379,1386.9431,0.0
985,3380,3380,93.1404,2.0
986,3381,3381,783.8126,3.2
987,3384,3384,625.3894,0.0
988,3385,3385,836.4259,0.0
989,3387,3387,882.9256,2.0
990,3388,3388,494.6358,0.0
991,3390,3390,440.0354,0.0
992,3391,3391,343.867,0.0
993,3392,3392,609.7559,0.0
994,3393,3393,1395.0468,2.0
995,3395,3395,833.6486,2.0
996,3396,3396,914.866,3.2
997,3400,3400,23.8292,3.5
998,3401,3401,4610.0498,2.35
999,3407,3407,581.2878,0.0
1000,3409,3409,1588.7818,0.0
1001,3412,3412,323.2481,0.0
1002,3413,3413,977.1187,0.0
1003,3414,3414,693.9584,0.0
1004,3415,3415,47.4742,0.0
1005,3418,3418,2954.2891,2.9
1006,3419,3419,1027.2715,3.0
1007,3420,3420,1674.2228,0.0
1008,3423,3423,716.2215,0.0
1009,3424,3424,1363.5154,0.0
1010,3427,3427,67.7506,0.0
1011,3428,3428,33.6846,0.0
1012,3429,3429,173.628,2.5
1013,3430,3430,86.8846,0.0
1014,3431,3431,72.5941,0.0
1015,3432,3432,27.6545,0.0
1016,3433,3433,25.7516,0.0
1017,3434,3434,167.1148,4.0
1018,3435,3435,263.3535,2.25
1019,3437,3437,184.832,0.0
1020,3438,3438,26.2249,0.0
1021,3440,3440,38.9733,2.0
1022,3441,3441,34.0169,0.0
1023,3442,3442,275.7368,2.625
1024,3444,3444,936.8462,2.3333333333333335
1025,3446,3446,87.0862,0.0
1026,3447,3447,47.9579,0.0
1027,3448,3448,220.3601,0.0
1028,3450,3450,22.8791,4.0
1029,3451,3451,311.8368,2.0
1030,3453,3453,171.696,2.0
1031,3458,3458,351.9542,2.1
1032,3460,3460,45.0525,2.0
1033,3461,3461,550.6806,2.0
1034,3462,3462,139.6158,2.0
1035,3463,3463,530.6538,2.3333333333333335
1036,3464,3464,116.2721,2.0
1037,3465,3465,880.5183,4.5
1038,3467,3467,102.8086,0.0
1039,3468,3468,222.4462,0.0
1040,3469,3469,228.7419,0.0
1041,3472,3472,461.4507,4.3
1042,3475,3475,508.9179,0.0
1043,3477,3477,2037.7766,7.5
1044,3478,3478,488.8625,0.0
1045,3480,3480,1438.5685,2.9
1046,3482,3482,517.7201,0.0
1047,3483,3483,1177.4827,0.0
1048,3485,3485,627.4353,0.0
1049,3487,3487,317.5964,4.4
1050,3488,3488,307.5921,0.0
1051,3489,3489,453.1693,0.0
1052,3490,3490,15437.9979,2.9333333333333336
1053,3491,3491,1143.6908,0.0
1054,3494,3494,930.8253,0.0
1055,3496,3496,3381.2562,0.0
1056,3498,3498,64.5178,0.0
1057,3500,3500,78.0414,2.0
1058,3501,3501,1022.7094,4.4
1059,3505,3505,537.7132,2.1
1060,3506,3506,433.4114,0.0
1061,3507,3507,462.7314,0.0
1062,3509,3509,619.975,0.0
1063,3512,3512,1290.4296,3.35
1064,3515,3515,226.4581,3.5
1065,3516,3516,340.6389,0.0
1066,3517,3517,999.1275,0.0
1067,3518,3518,1130.4477,0.0
1068,3520,3520,100.0511,0.0
1069,3521,3521,115.8073,0.0
1070,3522,3522,193.6226,0.0
1071,3523,3523,680.5254,3.0
1072,3525,3525,1065.8325,5.0
1073,3527,3527,1187.3064,0.0
1074,3529,3529,291.6863,0.0
1075,3530,3530,485.3808,0.0
1076,3531,3531,331.7689,0.0
1077,3533,3533,1361.3987,0.0
1078,3537,3537,781.545,4.0
1079,3540,3540,521.4988,1.0
1080,3542,3542,394.0098,0.0
1081,3544,3544,1004.3354,0.0
1082,3546,3546,1235.9728,7.0
1083,3549,3549,980.5136,2.2
1084,3550,3550,52.627,4.0
1085,3551,3551,1765.9394,0.0
1086,3555,3555,40.9147,3.25
1087,3556,3556,255.0248,0.0
1088,3557,3557,268.6412,0.0
1089,3558,3558,345.8443,6.3
1090,3559,3559,567.1549,0.0
1091,3561,3561,645.1897,0.0
1092,3562,3562,140.9651,0.0
1093,3563,3563,119.7043,0.0
1094,3564,3564,640.4318,4.3
1095,3565,3565,57.3943,0.0
1096,3566,3566,131.5339,5.0
1097,3567,3567,159.5233,0.0
1098,3568,3568,514.3608,1.7
1099,3570,3570,570.2825,0.0
1100,3571,3571,348.6153,4.0
1101,3572,3572,274.0718,1.0
1102,3573,3573,630.2312,0.0
1103,3575,3575,782.5248,0.0
1104,3576,3576,146.0941,0.0
1105,3579,3579,1943.5409,0.0
1106,3580,3580,59.0802,0.0
1107,3581,3581,144.6021,0.0
1108,3583,3583,28.7574,0.0
1109,3584,3584,100.7874,0.0
1110,3585,3585,1073.5503,5.0
1111,3586,3586,210.8776,0.0
1112,3588,3588,32.8501,0.0
1113,3589,3589,30.1912,0.0
1114,3590,3590,32.6285,0.0
1115,3591,3591,18.912,0.0
1116,3594,3594,29.0314,0.0
1117,3595,3595,36.5777,0.0
1118,3596,3596,141.1499,0.0
1119,3597,3597,1148.8942,0.0
1120,3599,3599,163.7876,3.95
1121,3607,3607,80.6847,0.0
1122,3608,3608,532.8675,4.0
1123,3610,3610,264.407,0.0
1124,3612,3612,469.4716,3.0
1125,3614,3614,84.8059,0.0
1126,3616,3616,280.6496,5.0
1127,3617,3617,33.3432,0.0
1128,3618,3618,55.8419,0.0
1129,3620,3620,360.1536,3.5
1130,3621,3621,186.7948,0.0
1131,3622,3622,163.4506,0.0
1132,3623,3623,130.4296,0.0
1133,3624,3624,84.0851,0.0
1134,3629,3629,302.0719,2.0
1135,3630,3630,141.9294,3.15
1136,3631,3631,646.927,3.0
1137,3633,3633,54.1272,0.0
1138,3634,3634,309.0823,0.0
1139,3635,3635,181.4429,0.0
1140,3636,3636,393.6824,4.0
1141,3637,3637,231.2214,0.0
1142,3638,3638,445.6397,0.0
1143,3639,3639,500.4085,0.0
1144,3640,3640,163.882,0.0
1145,3641,3641,253.0803,0.0
1146,3644,3644,474.8828,3.15
1147,3646,3646,340.9775,0.0
1148,3647,3647,16.4971,0.0
1149,3649,3649,162.0912,0.0
1150,3658,3658,613.09,0.0
1151,3659,3659,177.9421,0.0
1152,3660,3660,629.2936,3.2
1153,3662,3662,412.6574,0.0
1154,3663,3663,68.6945,0.0
1155,3664,3664,228.9422,0.0
1156,3665,3665,185.2391,0.0
1157,3666,3666,1367.6298,2.5
1158,3669,3669,835.6248,0.0
1159,3670,3670,253.1654,3.0
1160,3672,3672,315.3043,2.725
1161,3673,3673,897.191,0.0
1162,3675,3675,478.2077,0.0
1163,3677,3677,48.7988,1.0
1164,3678,3678,2455.1901,3.3625
1165,3682,3682,340.5055,0.0
1166,3683,3683,267.4078,0.0
1167,3685,3685,350.8814,3.0
1168,3687,3687,36.6905,0.0
1169,3688,3688,191.8775,0.0
1170,3690,3690,81.1799,2.733333333333333
1171,3691,3691,1837.4123,3.0
1172,3694,3694,1.8476,0.0
1173,3695,3695,181.8809,0.0
1174,3697,3697,140.6154,2.033333333333333
1175,3698,3698,48.8349,0.0
1176,3699,3699,502.9748,8.0
1177,3700,3700,279.7447,0.0
1178,3701,3701,3023.118,2.6714285714285713
1179,3704,3704,168.3608,2.0
1180,3705,3705,238.419,0.0
1181,3707,3707,2318.0768,3.125
1182,3708,3708,75.517,0.0
1183,3709,3709,542.0763,0.0
1184,3711,3711,61.3675,0.0
1185,3712,3712,328.1289,0.0
1186,3713,3713,675.9291,0.0
1187,3714,3714,618.0037,0.0
1188,3715,3715,235.2731,0.0
1189,3717,3717,1005.8024,2.0
1190,3718,3718,88.3678,0.0
1191,3719,3719,236.4606,0.0
1192,3720,3720,192.6305,0.0
1193,3722,3722,421.521,0.0
1194,3723,3723,3102.2458,2.5
1195,3725,3725,309.469,7.0
1196,3726,3726,245.464,0.0
1197,3727,3727,246.6493,0.0
1198,3728,3728,376.2679,2.0
1199,3730,3730,485.9586,0.0
1200,3732,3732,254.3079,0.0
1201,3733,3733,57.6719,0.0
1202,3735,3735,208.1647,7.0
1203,3737,3737,1737.5617,2.5500000000000003
1204,3738,3738,27.746,0.0
1205,3739,3739,53.4715,4.0
1206,3740,3740,679.6769,3.2
1207,3741,3741,752.342,3.4799999999999995
1208,3744,3744,43.9889,0.0
1209,3746,3746,56.3173,6.0
1210,3747,3747,423.8099,2.85
1211,3749,3749,186.7638,0.0
1212,3750,3750,53.8918,2.0
1213,3751,3751,52.1594,2.0
1214,3752,3752,21.4539,0.0
1215,3753,3753,111.7187,0.0
1216,3754,3754,56.0588,0.0
1217,3755,3755,28.3934,0.0
1218,3756,3756,200.8844,0.0
1219,3757,3757,285.4996,3.0
1220,3758,3758,44.7055,4.0
1221,3759,3759,21.0901,0.0
1222,3760,3760,14.7523,0.0
1223,3761,3761,39.79,0.0
1224,3762,3762,40.5926,0.0
1225,3763,3763,115.1449,4.4
1226,3764,3764,439.0863,0.0
1227,3765,3765,11.0304,0.0
1228,3766,3766,8.4659,0.0
1229,3767,3767,7.9362,0.0
1230,3770,3770,135.0123,0.0
1231,3775,3775,173.7615,3.8
1232,3777,3777,373.3848,2.8333333333333335
1233,3778,3778,220.4257,3.0
1234,3779,3779,580.4188,0.0
1235,3781,3781,42.3677,0.0
1236,3782,3782,88.6992,0.0
1237,3783,3783,202.3353,0.0
1238,3785,3785,5.512,0.0
1239,3786,3786,4.5146,0.0
1240,3787,3787,3.4167,7.0
1241,3788,3788,17.7524,3.0
1242,3789,3789,6.6593,0.0
1243,3791,3791,12.0532,4.2
1244,3792,3792,3.9761,3.0
1245,3793,3793,19.8847,3.0
1246,3795,3795,30.1744,0.0
1247,3796,3796,16.9894,0.0
1248,3797,3797,142.6249,2.4
1249,3799,3799,706.2157,0.0
1250,3800,3800,1.1942,0.0
1251,3802,3802,15.2864,0.0
1252,3803,3803,8.455,0.0
1253,3804,3804,31.6453,0.0
1254,3805,3805,27.4332,0.0
1255,3806,3806,45.7186,2.1500000000000004
1256,3807,3807,14.6971,0.0
1257,3808,3808,35.2809,0.0
1258,3809,3809,48.4987,0.0
1259,3810,3810,147.5879,3.5
1260,3812,3812,97.3761,0.0
1261,3813,3813,69.6945,0.0
1262,3814,3814,77.7275,0.0
1263,3815,3815,103.9187,0.0
1264,3816,3816,151.417,0.0
1265,3818,3818,279.626,2.0
1266,3820,3820,74.2902,4.0
1267,3821,3821,298.5327,0.0
1268,3822,3822,62.764,0.0
1269,3823,3823,122.4606,0.0
1270,3824,3824,213.4934,0.0
1271,3825,3825,1871.9393,2.875
1272,3831,3831,176.2022,0.0
1273,3832,3832,52.414,0.0
1274,3833,3833,931.5575,1.95
1275,3835,3835,65.7047,0.0
1276,3840,3840,341.1902,2.0
1277,3842,3842,21.4534,2.5
1278,3844,3844,577.0377,4.0
1279,3847,3847,485.7596,0.0
1280,3850,3850,48.6122,2.0
1281,3851,3851,1883.44,0.0
1282,3852,3852,8.6506,0.0
1283,3854,3854,172.3629,0.0
1284,3856,3856,148.7576,3.0
1285,3857,3857,63.4492,0.0
1286,3858,3858,2578.8897,3.2
1287,3859,3859,193.1815,0.0
1288,3860,3860,1396.8374,4.0
1289,3862,3862,3055.3475,0.0
1290,3864,3864,187.1784,0.0
1291,3865,3865,12.9135,0.0
1292,3869,3869,97.2314,0.0
1293,3870,3870,273.5315,0.0
1294,3871,3871,291.2529,0.0
1295,3873,3873,92.7613,0.0
1296,3874,3874,269.2634,0.0
1297,3875,3875,2405.0453,4.0
1298,3878,3878,18.0798,0.0
1299,3880,3880,167.6983,0.0
1300,3882,3882,68.2582,0.0
1301,3885,3885,3662.3774,0.0
1302,3886,3886,55.2811,0.0
1303,3887,3887,318.8285,0.0
1304,3888,3888,3374.0971,4.25
1305,3889,3889,1714.1053,2.9
1306,3890,3890,1716.6495,2.0
1307,3891,3891,1330.6359,2.0
1308,3892,3892,243.9108,4.0
1309,3893,3893,375.3582,2.0
1310,3895,3895,286.7583,0.0
1311,3896,3896,1097.7093,4.4
1312,3898,3898,1392.3469,0.0
1313,3900,3900,1211.473,4.4
1314,3902,3902,26.4884,0.0
1315,3903,3903,41.6349,0.0
1316,3904,3904,27.6078,0.0
1317,3909,3909,327.2096,2.5
1318,3910,3910,28.8446,0.0
1319,3911,3911,18.6901,0.0
1320,3912,3912,72.3275,0.0
1321,3913,3913,23.6157,0.0
1322,3915,3915,64.8347,2.0
1323,3916,3916,35.1777,0.0
1324,3918,3918,17.216,0.0
1325,3919,3919,6.5625,0.0
1326,3920,3920,15.4031,0.0
1327,3921,3921,170.2291,0.0
1328,3922,3922,75.0881,2.45
1329,3923,3923,10.2968,0.0
1330,3925,3925,30.7786,0.0
1331,3926,3926,54.1204,8.0
1332,3927,3927,14.911,0.0
1333,3928,3928,28.7388,0.0
1334,3929,3929,55.132,0.0
1335,3930,3930,23.2077,0.0
1336,3931,3931,21.0928,0.0
1337,3933,3933,42.8797,0.0
1338,3934,3934,30.2094,0.0
1339,3936,3936,45.0575,0.0
1340,3937,3937,38.6917,2.0
1341,3938,3938,4.2898,0.0
1342,3939,3939,97.6869,0.0
1343,3940,3940,5.4644,0.0
1344,3941,3941,24.3905,0.0
1345,3942,3942,6.2857,0.0
1346,3943,3943,7.2449,0.0
1347,3944,3944,11.0964,0.0
1348,3945,3945,153.6199,0.0
1349,3946,3946,30.6097,0.0
1350,3950,3950,120.9764,5.0
1351,3951,3951,182.6483,0.0
1352,3953,3953,504.8298,0.0
1353,3954,3954,36.807,0.0
1354,3956,3956,498.4632,0.0
1355,3957,3957,65.313,0.0
1356,3958,3958,108.9795,0.0
1357,3959,3959,211.6176,3.0
1358,3960,3960,831.5162,0.0
1359,3962,3962,150.239,0.0
1360,3964,3964,2.8934,0.0
1361,3965,3965,8.8662,0.0
1362,3966,3966,124.1262,0.0
1363,3967,3967,87.9589,0.0
1364,3971,3971,835.935,0.0
1365,3975,3975,13.3829,0.0
1366,3976,3976,13.3423,0.0
1367,3977,3977,142.8266,2.0
1368,3978,3978,95.862,0.0
1369,3979,3979,69.8591,0.0
1370,3980,3980,37.0278,0.0
1371,3981,3981,198.4709,0.0
1372,3984,3984,235.0489,2.0
1373,3987,3987,79.5517,0.0
1374,3988,3988,126.6841,0.0
1375,3990,3990,25.7656,0.0
1376,3991,3991,49.1914,0.0
1377,3992,3992,99.0542,0.0
1378,3995,3995,198.9026,3.975
1379,3996,3996,151.814,2.0
1380,4000,4000,3.6673,6.795454545454546
1381,4005,4005,2.704,0.0
1382,4006,4006,5.2016,3.1875
1383,4007,4007,5.2852,0.0
1384,4008,4008,46.0443,0.0
1385,4009,4009,5.6147,0.0
1386,4010,4010,1.3224,0.0
1387,4011,4011,5.2687,0.0
1388,4012,4012,7.8454,0.0
1389,4013,4013,2.9887,0.0
1390,4014,4014,16.9127,4.3
1391,4017,4017,21.7655,5.0
1392,4018,4018,6.2815,0.0
1393,4019,4019,10.6634,0.0
1394,4020,4020,11.922,4.2
1395,4021,4021,5.349,0.0
1396,4022,4022,10.34,0.0
1397,4025,4025,175.3154,0.0
1398,4029,4029,0.1971,0.0
1399,4030,4030,5.8378,4.3
1400,4031,4031,4.7721,2.45
1401,4032,4032,7.508,0.0
1402,4034,4034,29.5422,2.8666666666666667
1403,4035,4035,19.0663,3.4333333333333336
1404,4036,4036,12.8364,5.949999999999999
1405,4037,4037,9.1057,0.0
1406,4051,4051,16.941,2.95
1407,4053,4053,22.512,4.3
1408,4054,4054,8.7809,0.0
1409,4055,4055,37.9889,2.625
1410,4059,4059,3.3042,3.233333333333333
1411,4060,4060,5.8255,2.0
1412,4061,4061,12.4344,0.0
1413,4064,4064,3.5905,0.0
1414,4065,4065,5.0054,0.0
1415,4066,4066,20.0067,3.733333333333333
1416,4067,4067,2.7534,0.0
1417,4068,4068,10.4375,4.0
1418,4069,4069,103.2441,3.62
1419,4070,4070,31.2733,0.0
1420,4072,4072,1.2208,0.0
1421,4073,4073,4.9721,0.0
1422,4074,4074,13.6903,4.675
1423,4075,4075,14.0797,3.114285714285714
1424,4076,4076,23.3992,0.0
1425,4077,4077,18.9843,4.0
1426,4078,4078,13.2186,2.775
1427,4101,4101,5.1014,0.5
1428,4102,4102,3.4279,3.502380952380953
1429,4103,4103,4.0601,0.0
1430,4104,4104,3.0297,0.0
1431,4105,4105,7.1451,4.3
1432,4106,4106,9.223,0.0
1433,4107,4107,4.5662,2.5666666666666664
1434,4108,4108,8.7234,0.0
1435,4109,4109,15.4409,3.5
1436,4110,4110,34.6725,5.550000000000001
1437,4111,4111,5.266,0.0
1438,4112,4112,4.5809,0.0
1439,4113,4113,14.3618,2.0
1440,4114,4114,14.3563,1.8
1441,4115,4115,11.9235,3.033333333333333
1442,4116,4116,16.1304,2.9
1443,4117,4117,12.5543,0.0
1444,4118,4118,24.1339,3.4285714285714284
1445,4119,4119,4.1871,0.0
1446,4120,4120,2.9685,0.0
1447,4121,4121,10.4276,0.0
1448,4122,4122,20.8577,2.7
1449,4123,4123,21.5666,4.3
1450,4124,4124,213.0819,3.5142857142857147
1451,4125,4125,38.7811,7.0
1452,4127,4127,30.3412,3.0
1453,4128,4128,12.1387,0.0
1454,4129,4129,8.8171,4.3
1455,4130,4130,37.9606,0.0
1456,4131,4131,11.3025,4.166666666666667
1457,4132,4132,13.3988,4.3
1458,4133,4133,47.8856,0.0
1459,4151,4151,5.3176,0.0
1460,4152,4152,23.3753,2.7
1461,4153,4153,9.7744,3.2
1462,4154,4154,15.22,0.0
1463,4155,4155,13.5401,0.0
1464,4156,4156,31.9789,0.0
1465,4157,4157,41.4595,0.5
1466,4158,4158,2.6658,0.0
1467,4159,4159,11.273,0.0
1468,4160,4160,14.7691,0.0
1469,4161,4161,13.6902,0.0
1470,4163,4163,11.8716,0.0
1471,4164,4164,21.6475,0.0
1472,4165,4165,113.9017,0.0
1473,4169,4169,3.1985,0.0
1474,4170,4170,12.8115,2.466666666666667
1475,4171,4171,4.7634,2.5
1476,4172,4172,8.4585,0.0
1477,4173,4173,8.6952,0.0
1478,4174,4174,6.6961,4.3
1479,4178,4178,44.3278,4.3
1480,4179,4179,9.2731,3.5
1481,4183,4183,272.6848,0.0
1482,4184,4184,33.2038,0.0
1483,4205,4205,5.8367,0.0
1484,4207,4207,281.8499,3.3
1485,4208,4208,141.5987,0.0
1486,4209,4209,131.2194,3.642857142857143
1487,4210,4210,83.7652,4.1
1488,4211,4211,447.5283,4.172222222222222
1489,4212,4212,34.1517,1.0
1490,4213,4213,168.7859,7.5
1491,4214,4214,30.4289,0.0
1492,4215,4215,18.8988,0.0
1493,4216,4216,47.5148,0.0
1494,4217,4217,19.8137,3.0
1495,4218,4218,15.3977,0.0
1496,4220,4220,19.9899,0.0
1497,4221,4221,15.225,4.3
1498,4222,4222,0.353,0.0
1499,4223,4223,47.0841,4.0
1500,4224,4224,3.1169,0.0
1501,4225,4225,4.6137,3.94
1502,4226,4226,27.6283,4.3
1503,4227,4227,12.325,0.0
1504,4228,4228,79.405,0.0
1505,4229,4229,0.3441,0.0
1506,4230,4230,1.0486,0.0
1507,4270,4270,71.2311,0.0
1508,4271,4271,6.3144,0.0
1509,4272,4272,36.1375,3.25
1510,4275,4275,329.0095,4.26
1511,4280,4280,141.8168,3.4000000000000004
1512,4285,4285,1416.0488,3.729411764705883
1513,4287,4287,421.0465,4.4
1514,4300,4300,56.2478,2.6333333333333333
1515,4301,4301,35.2574,3.55
1516,4303,4303,15.071,0.0
1517,4304,4304,22.6959,1.425
1518,4305,4305,74.1366,4.053571428571429
1519,4306,4306,2856.6788,4.721428571428571
1520,4307,4307,205.3988,3.9
1521,4309,4309,542.809,4.733333333333333
1522,4310,4310,925.1424,5.054545454545455
1523,4311,4311,578.9217,4.540000000000001
1524,4312,4312,1071.1825,3.85
1525,4313,4313,610.9469,3.525
1526,4340,4340,698.8553,3.62
1527,4341,4341,493.1726,4.233333333333333
1528,4342,4342,103.0037,3.8333333333333335
1529,4343,4343,852.3073,3.71875
1530,4344,4344,318.3502,4.8428571428571425
1531,4345,4345,7.1286,0.0
1532,4346,4346,25.4153,4.975
1533,4347,4347,140.5323,4.64
1534,4350,4350,313.3991,3.48
1535,4352,4352,3943.0334,3.6789473684210536
1536,4353,4353,99.239,4.4
1537,4354,4354,158.3554,4.0
1538,4355,4355,800.0815,4.257142857142857
1539,4356,4356,1046.9675,5.1
1540,4357,4357,2814.8805,3.5200000000000005
1541,4358,4358,425.5436,4.0
1542,4359,4359,267.1232,3.15
1543,4360,4360,121.6355,0.0
1544,4361,4361,769.9085,4.65
1545,4362,4362,461.3369,3.16
1546,4363,4363,65.7958,0.0
1547,4364,4364,150.6826,6.0
1548,4365,4365,317.4793,5.0
1549,4370,4370,2443.6691,3.8785714285714286
1550,4371,4371,330.9843,5.2
1551,4372,4372,32.465,2.5
1552,4373,4373,164.0022,2.966666666666667
1553,4374,4374,488.0749,4.0
1554,4375,4375,27.3157,0.0
1555,4376,4376,13.5308,0.0
1556,4377,4377,153.719,0.0
1557,4378,4378,46.8101,0.0
1558,4380,4380,1778.1186,3.936363636363636
1559,4381,4381,70.205,0.0
1560,4382,4382,551.2532,0.0
1561,4383,4383,88.08,0.0
1562,4384,4384,203.5414,4.4
1563,4385,4385,1996.6769,2.0
1564,4387,4387,3104.9418,2.8000000000000003
1565,4388,4388,700.1088,0.0
1566,4390,4390,5342.6194,2.8857142857142857
1567,4400,4400,59.1923,0.0
1568,4401,4401,651.8085,3.3555555555555556
1569,4402,4402,229.0592,4.3
1570,4403,4403,591.6033,4.5
1571,4404,4404,613.2059,0.0
1572,4405,4405,3297.8132,2.725
1573,4406,4406,7550.094,4.414285714285715
1574,4407,4407,1775.0356,3.6500000000000004
1575,4408,4408,489.1868,0.0
1576,4410,4410,515.3654,4.333333333333333
1577,4411,4411,433.7235,4.5
1578,4412,4412,343.0478,0.0
1579,4413,4413,7334.242,5.457142857142856
1580,4415,4415,2305.4641,4.15
1581,4416,4416,2010.6533,4.3
1582,4417,4417,5069.1419,3.675
1583,4418,4418,387.6687,0.0
1584,4419,4419,4252.5852,3.0
1585,4420,4420,11829.9298,4.175
1586,4421,4421,1638.6392,4.3
1587,4422,4422,3182.5183,0.0
1588,4423,4423,2413.3617,0.0
1589,4424,4424,942.3824,0.0
1590,4425,4425,676.9575,0.0
1591,4426,4426,1057.584,0.0
1592,4427,4427,2212.1883,2.0
1593,4428,4428,2349.129,4.05
1594,4454,4454,6599.3815,0.0
1595,4455,4455,10349.03,1.7
1596,4461,4461,241.7695,0.0
1597,4462,4462,1738.9037,0.0
1598,4465,4465,19240.8427,3.6500000000000004
1599,4467,4467,6344.482,7.2
1600,4468,4468,8082.3321,0.0
1601,4470,4470,19243.8051,2.0
1602,4472,4472,17632.5516,0.0
1603,4474,4474,18448.6856,2.0
1604,4475,4475,2906.0715,0.0
1605,4477,4477,8425.5993,0.0
1606,4478,4478,12904.6963,0.0
1607,4479,4479,3990.1821,0.0
1608,4480,4480,65674.6604,0.0
1609,4481,4481,33308.5941,0.0
1610,4482,4482,32959.5201,0.0
1611,4486,4486,9947.906,5.75
1612,4487,4487,12740.9303,2.325
1613,4488,4488,14724.0375,7.2
1614,4489,4489,5069.1761,0.0
1615,4490,4490,30098.6815,2.6666666666666665
1616,4491,4491,6078.0679,0.0
1617,4492,4492,49759.1374,0.0
1618,4493,4493,6145.6939,0.0
1619,4494,4494,1676.7874,0.0
1620,4496,4496,1719.3053,0.0
1621,4497,4497,3505.0666,0.0
1622,4498,4498,1423.1466,0.0
1623,4500,4500,86.5893,4.0
1624,4501,4501,8.1316,0.0
1625,4502,4502,6.6035,2.0
1626,4503,4503,99.6934,0.0
1627,4504,4504,41.7371,3.8000000000000003
1628,4505,4505,52.3357,4.3
1629,4506,4506,58.7977,1.0
1630,4507,4507,145.3505,0.0
1631,4508,4508,19.4373,3.25
1632,4509,4509,26.2561,2.4
1633,4510,4510,218.9396,4.657142857142857
1634,4511,4511,36.5018,4.3
1635,4512,4512,102.1152,0.0
1636,4514,4514,511.987,6.400000000000001
1637,4515,4515,1384.4755,2.533333333333333
1638,4516,4516,101.1794,0.0
1639,4517,4517,80.7742,4.0
1640,4518,4518,72.414,0.0
1641,4519,4519,202.0281,4.5
1642,4520,4520,332.3237,3.0
1643,4521,4521,288.2282,5.05
1644,4550,4550,69.6787,4.3
1645,4551,4551,95.279,5.266666666666667
1646,4552,4552,455.8262,4.4399999999999995
1647,4553,4553,65.1101,9.0
1648,4554,4554,37.3254,0.0
1649,4555,4555,49.291,6.3
1650,4556,4556,71.7189,7.6
1651,4557,4557,11.3654,5.3
1652,4558,4558,14.9241,7.2
1653,4559,4559,41.1572,0.0
1654,4560,4560,218.3743,5.333333333333333
1655,4561,4561,117.7266,4.3
1656,4562,4562,207.5346,1.7
1657,4563,4563,176.2523,4.333333333333333
1658,4564,4564,24.0131,7.85
1659,4565,4565,304.3316,3.0
1660,4566,4566,26.2506,0.0
1661,4567,4567,19.966,3.15
1662,4568,4568,96.0095,4.65
1663,4569,4569,37.584,5.0
1664,4570,4570,3861.1389,4.304545454545455
1665,4571,4571,202.3033,5.15
1666,4572,4572,1.5035,0.0
1667,4573,4573,61.235,0.0
1668,4574,4574,360.3842,2.0
1669,4575,4575,17.8272,0.0
1670,4580,4580,707.8497,5.3
1671,4581,4581,1693.7301,4.15
1672,4600,4600,623.0267,4.25
1673,4601,4601,1800.5717,3.5200000000000005
1674,4605,4605,771.7766,4.25
1675,4606,4606,250.7621,4.3
1676,4608,4608,463.5732,0.0
1677,4610,4610,3801.9405,3.5615384615384613
1678,4611,4611,42.5772,0.0
1679,4612,4612,599.5949,0.0
1680,4613,4613,1749.936,0.0
1681,4614,4614,248.5346,2.0
1682,4615,4615,1360.8524,3.673333333333333
1683,4620,4620,1180.9336,4.0
1684,4621,4621,1627.363,4.025
1685,4625,4625,3244.3287,3.05
1686,4626,4626,4227.3073,2.725
1687,4627,4627,4801.0871,0.0
1688,4630,4630,5561.7434,2.9
1689,4650,4650,2645.9161,5.333333333333333
1690,4655,4655,458.5895,6.3
1691,4659,4659,301.2547,3.733333333333333
1692,4660,4660,1489.8297,4.0
1693,4662,4662,29.3873,0.0
1694,4670,4670,1781.7866,4.358333333333333
1695,4671,4671,3774.1675,4.01111111111111
1696,4673,4673,304.3716,0.0
1697,4674,4674,1078.1463,0.0
1698,4676,4676,647.6431,0.0
1699,4677,4677,1423.5285,2.4
1700,4678,4678,642.7085,0.0
1701,4680,4680,4993.763,2.46
1702,4694,4694,277.6657,2.0
1703,4695,4695,843.5076,0.0
1704,4697,4697,596.5489,0.0
1705,4699,4699,895.1947,0.0
1706,4700,4700,114.5925,3.3600000000000003
1707,4701,4701,534.3442,2.5
1708,4702,4702,47039.8825,3.627272727272727
1709,4703,4703,1159.5247,3.25
1710,4704,4704,98.0086,0.0
1711,4705,4705,8543.109,4.066666666666667
1712,4706,4706,1440.7934,6.3
1713,4707,4707,2983.4314,4.0
1714,4709,4709,11.4711,0.0
1715,4710,4710,33.5185,0.0
1716,4711,4711,63.8306,0.0
1717,4712,4712,626.4256,4.3
1718,4713,4713,219.5151,0.0
1719,4714,4714,490.6655,0.0
1720,4715,4715,2772.4575,3.6
1721,4716,4716,1269.4857,3.2
1722,4717,4717,657.3194,11.15
1723,4718,4718,5866.149,1.5
1724,4719,4719,4044.5466,0.0
1725,4720,4720,1097.7854,3.733333333333333
1726,4721,4721,24091.8216,4.6000000000000005
1727,4722,4722,18208.3256,2.1333333333333333
1728,4723,4723,3992.4376,4.6000000000000005
1729,4724,4724,12394.1632,0.0
1730,4725,4725,10793.7555,0.0
1731,4726,4726,15087.2579,6.7
1732,4727,4727,6580.9177,0.0
1733,4728,4728,9441.8354,0.0
1734,4730,4730,41149.7509,0.5
1735,4731,4731,10508.8116,0.0
1736,4732,4732,3435.2164,0.0
1737,4733,4733,15789.5333,0.0
1738,4735,4735,57394.3694,0.0
1739,4736,4736,13084.6881,0.0
1740,4737,4737,940.5324,2.5
1741,4738,4738,1033.9906,0.0
1742,4739,4739,475.4337,0.0
1743,4740,4740,879.0014,7.0
1744,4741,4741,4176.032,5.95
1745,4742,4742,9701.2022,0.0
1746,4743,4743,735.0149,0.0
1747,4744,4744,3046.6387,3.0
1748,4745,4745,3620.2611,5.0
1749,4746,4746,2054.3653,0.0
1750,4750,4750,17.8539,0.0
1751,4751,4751,109.2039,1.7
1752,4753,4753,135.8944,0.0
1753,4754,4754,547.8642,3.8
1754,4756,4756,195.3173,0.0
1755,4757,4757,833.4849,0.0
1756,4798,4798,294.4336,0.0
1757,4799,4799,463.6011,0.0
1758,4800,4800,2436.5331,4.35
1759,4801,4801,3.5287,0.0
1760,4802,4802,276.4338,0.0
1761,4803,4803,7.0161,0.0
1762,4804,4804,14258.7347,0.0
1763,4805,4805,6858.7645,2.0
1764,4806,4806,1315.7679,0.0
1765,4807,4807,2424.9566,0.0
1766,4808,4808,203.2156,0.0
1767,4809,4809,1015.4554,0.0
1768,4810,4810,289.6701,0.0
1769,4811,4811,166.3359,0.0
1770,4812,4812,13.2728,0.0
1771,4814,4814,59.9761,0.0
1772,4815,4815,674.0534,0.0
1773,4816,4816,53685.8172,3.5799999999999996
1774,4817,4817,740.745,0.0
1775,4818,4818,537.4413,0.0
1776,4819,4819,51.1523,0.0
1777,4820,4820,41618.675,4.15
1778,4821,4821,26801.3443,0.0
1779,4822,4822,32122.5537,6.5
1780,4823,4823,66283.7365,2.5
1781,4824,4824,31688.0873,0.0
1782,4825,4825,99780.5911,2.0833333333333335
1783,4828,4828,9524.0413,4.3
1784,4829,4829,71910.0113,0.0
1785,4830,4830,31655.1233,0.0
1786,4849,4849,1094.687,0.0
1787,4850,4850,7383.9733,3.3333333333333335
1788,4852,4852,118.0451,0.0
1789,4854,4854,1722.9975,0.0
1790,4855,4855,103.5739,0.0
1791,4856,4856,117.0087,0.0
1792,4858,4858,75.1584,2.0
1793,4859,4859,19.2955,0.0
1794,4860,4860,1275.0376,0.0
1795,4861,4861,118.9753,0.0
1796,4865,4865,191.8984,0.0
1797,4868,4868,26.5384,0.0
1798,4869,4869,67.7783,0.0
1799,4870,4870,331.4008,0.0
1800,4871,4871,88314.6474,1.0
1801,4872,4872,12709.6818,3.9000000000000004
1802,4873,4873,1562.4059,0.0
1803,4874,4874,24319.9589,0.0
1804,4875,4875,851.262,0.0
1805,4876,4876,1339.9357,0.0
1806,4877,4877,164.874,0.0
1807,4878,4878,50.5256,0.0
1808,4879,4879,23.9907,0.0
1809,4880,4880,1321.145,2.95
1810,4881,4881,591.3183,1.7
1811,4882,4882,85.4145,0.0
1812,4883,4883,292.9866,2.65
1813,4884,4884,198.1812,0.0
1814,4885,4885,314.1453,0.0
1815,4886,4886,253.0866,2.4
1816,4887,4887,1198.6445,3.525
1817,4888,4888,559.1771,2.0
1818,4890,4890,15793.1979,0.0
1819,4891,4891,134.4548,0.0
1820,4892,4892,143377.1686,0.0
1821,4895,4895,9277.2547,0.0
1822,5000,5000,10.2519,0.0
1823,5005,5005,0.2305,0.0
1824,5006,5006,5.0909,0.0
1825,5007,5007,3.6055,0.0
1826,5008,5008,6.1854,0.0
1827,5009,5009,3.4541,0.0
1828,5010,5010,5.8508,0.0
1829,5011,5011,5.5261,0.0
1830,5012,5012,4.3751,0.0
1831,5013,5013,14.5776,0.0
1832,5014,5014,6.1186,0.0
1833,5015,5015,7.2668,0.0
1834,5016,5016,4.8979,0.0
1835,5017,5017,9.5023,0.0
1836,5018,5018,3.1252,0.0
1837,5019,5019,3.9321,0.0
1838,5020,5020,1.5622,0.0
1839,5021,5021,4.3836,0.0
1840,5022,5022,7.7915,9.0
1841,5023,5023,7.1329,0.0
1842,5024,5024,7.9124,0.0
1843,5025,5025,3.9453,0.0
1844,5031,5031,5.695,0.0
1845,5032,5032,5.702,0.0
1846,5033,5033,3.651,0.0
1847,5034,5034,4.045,0.0
1848,5035,5035,3.0222,0.0
1849,5037,5037,4.3684,0.0
1850,5038,5038,5.7331,0.0
1851,5039,5039,4.6336,0.0
1852,5040,5040,1.7647,0.0
1853,5041,5041,6.2103,2.0
1854,5042,5042,8.6535,2.0
1855,5043,5043,8.2392,0.0
1856,5044,5044,4.1037,0.0
1857,5045,5045,5.7359,0.0
1858,5046,5046,4.0234,0.0
1859,5047,5047,4.1823,0.0
1860,5048,5048,5.8082,0.0
1861,5049,5049,9.1543,0.0
1862,5050,5050,6.5603,0.0
1863,5051,5051,17.6845,0.0
1864,5052,5052,16.0248,0.0
1865,5061,5061,4.0391,0.0
1866,5062,5062,16.5077,0.0
1867,5063,5063,3.8585,0.0
1868,5064,5064,7.8875,0.0
1869,5065,5065,4.2878,0.0
1870,5066,5066,9.0577,0.0
1871,5067,5067,3.9255,0.0
1872,5068,5068,5.0515,0.0
1873,5069,5069,3.8454,0.0
1874,5070,5070,6.2151,0.0
1875,5072,5072,14.2129,0.0
1876,5073,5073,7.5046,0.0
1877,5074,5074,5.6525,0.0
1878,5075,5075,5.6066,0.0
1879,5076,5076,10.6715,0.0
1880,5081,5081,4.1957,0.0
1881,5082,5082,5.6358,0.0
1882,5083,5083,2.8234,0.0
1883,5084,5084,4.861,0.0
1884,5085,5085,8.501,0.0
1885,5086,5086,7.0281,3.2760000000000002
1886,5087,5087,5.0299,0.0
1887,5088,5088,1.893,0.0
1888,5089,5089,4.3298,0.0
1889,5090,5090,5.0538,2.7
1890,5091,5091,8.5918,0.0
1891,5092,5092,9.4493,1.7
1892,5093,5093,4.3878,0.0
1893,5094,5094,30.8255,0.0
1894,5095,5095,11.5079,0.0
1895,5096,5096,9.5243,0.0
1896,5097,5097,6.991,0.0
1897,5098,5098,6.1001,0.0
1898,5106,5106,6.6876,0.0
1899,5107,5107,7.921,0.0
1900,5108,5108,18.3572,2.0
1901,5109,5109,16.1962,0.0
1902,5110,5110,65.6776,0.0
1903,5111,5111,18.7439,3.0
1904,5112,5112,14.8614,0.0
1905,5113,5113,12.5056,0.0
1906,5114,5114,152.8466,0.0
1907,5115,5115,19.7061,2.7
1908,5116,5116,23.5589,0.0
1909,5117,5117,14.0542,0.0
1910,5118,5118,166.9375,2.6500000000000004
1911,5120,5120,86.1985,0.0
1912,5121,5121,32.9719,2.0
1913,5125,5125,23.6636,0.0
1914,5126,5126,5.8067,0.0
1915,5127,5127,4.4199,0.0
1916,5131,5131,21.3011,0.0
1917,5132,5132,19.7554,0.0
1918,5133,5133,14.1,0.0
1919,5134,5134,36.5354,0.0
1920,5136,5136,7.7715,0.0
1921,5137,5137,8.2627,0.0
1922,5138,5138,11.9523,0.0
1923,5139,5139,9.345,0.0
1924,5140,5140,3.7167,0.0
1925,5141,5141,13.1923,0.0
1926,5142,5142,3.4725,0.0
1927,5144,5144,10.2028,0.0
1928,5150,5150,1.9558,0.0
1929,5151,5151,4.0978,0.0
1930,5152,5152,32.833,0.0
1931,5153,5153,176.1433,2.0
1932,5154,5154,8.4056,0.0
1933,5155,5155,15.0757,0.0
1934,5156,5156,7.3237,0.0
1935,5157,5157,223.6686,0.0
1936,5158,5158,23.8312,2.0
1937,5159,5159,37.4231,2.0
1938,5160,5160,9.5848,3.0
1939,5161,5161,7.7053,0.0
1940,5162,5162,19.6861,2.0
1941,5163,5163,34.6199,0.0
1942,5164,5164,3.1934,0.0
1943,5165,5165,2.8639,0.0
1944,5166,5166,1.8617,0.0
1945,5167,5167,4.2534,0.0
1946,5168,5168,9.0287,0.0
1947,5169,5169,15.2726,0.0
1948,5170,5170,6.5506,0.0
1949,5171,5171,115.916,0.0
1950,5172,5172,170.8569,0.0
1951,5173,5173,29.1294,0.0
1952,5174,5174,52.345,0.0
1953,5201,5201,139.5273,7.0
1954,5202,5202,159.1826,0.0
1955,5203,5203,211.4116,0.0
1956,5204,5204,296.6796,2.0
1957,5210,5210,90.6108,0.0
1958,5211,5211,459.0188,0.0
1959,5212,5212,21.2672,2.4
1960,5213,5213,35.4559,0.0
1961,5214,5214,272.0239,3.0
1962,5220,5220,2.8044,0.0
1963,5221,5221,38.5042,0.0
1964,5222,5222,385.6595,0.0
1965,5223,5223,3973.7629,5.0
1966,5231,5231,99.4012,0.0
1967,5232,5232,42.9974,0.0
1968,5233,5233,77.5345,2.5
1969,5234,5234,43.6525,0.0
1970,5235,5235,383.4232,4.0
1971,5236,5236,129.8575,3.0
1972,5237,5237,198.108,0.0
1973,5238,5238,1487.1244,0.0
1974,5240,5240,22.0768,0.0
1975,5241,5241,26.1921,4.0
1976,5242,5242,31.6068,0.0
1977,5243,5243,26.981,0.0
1978,5244,5244,223.481,0.0
1979,5245,5245,31.6551,0.0
1980,5250,5250,15.1988,0.0
1981,5251,5251,102.369,3.0
1982,5252,5252,115.3918,2.0
1983,5253,5253,874.8933,3.4000000000000004
1984,5254,5254,666.2306,2.0
1985,5255,5255,818.4928,3.25
1986,5256,5256,180.1769,2.5
1987,5259,5259,1808.2586,0.0
1988,5260,5260,285.3978,0.0
1989,5261,5261,1136.2253,0.0
1990,5262,5262,486.0558,2.0
1991,5263,5263,110.6966,4.0
1992,5264,5264,1613.5263,0.0
1993,5265,5265,1080.5249,3.0
1994,5266,5266,2013.9485,0.0
1995,5267,5267,3257.9967,2.0
1996,5268,5268,1753.5089,4.233333333333333
1997,5269,5269,286.9141,2.0
1998,5270,5270,531.5749,0.0
1999,5271,5271,2810.9238,3.5000000000000004
2000,5272,5272,1923.2811,5.0
2001,5273,5273,316.5938,0.0
2002,5275,5275,3123.7221,4.0
2003,5276,5276,543.9247,0.0
2004,5277,5277,1201.6921,0.0
2005,5278,5278,255.9375,2.85
2006,5279,5279,523.2743,4.0
2007,5280,5280,1958.323,5.0
2008,5290,5290,26.7965,2.55
2009,5291,5291,1741.3724,2.5
2010,5301,5301,1980.3562,3.0
2011,5302,5302,4004.2821,0.0
2012,5303,5303,739.8952,0.0
2013,5304,5304,1682.473,2.75
2014,5306,5306,314.7244,0.0
2015,5307,5307,1073.8818,4.0
2016,5308,5308,1286.2451,2.0
2017,5309,5309,1288.1845,0.0
2018,5310,5310,443.0505,0.0
2019,5311,5311,3234.6573,2.5666666666666664
2020,5320,5320,1820.4802,4.0
2021,5321,5321,176.2185,0.0
2022,5322,5322,91.681,0.0
2023,5330,5330,1842.3889,2.5
2024,5331,5331,83.815,0.0
2025,5332,5332,292.1294,0.0
2026,5333,5333,720.6351,4.7
2027,5340,5340,679.1132,3.6
2028,5341,5341,2497.386,3.0
2029,5342,5342,213.2351,0.0
2030,5343,5343,202.1922,4.0
2031,5344,5344,31.468,0.0
2032,5345,5345,205.3057,2.0
2033,5346,5346,15.3753,0.0
2034,5350,5350,32.1523,0.0
2035,5351,5351,284.0785,4.3
2036,5352,5352,108.5768,2.0
2037,5353,5353,1027.7626,2.5
2038,5354,5354,891.7726,4.0
2039,5355,5355,158.1546,3.75
2040,5356,5356,666.0608,3.5
2041,5357,5357,1117.9594,2.3000000000000003
2042,5360,5360,34.4409,0.0
2043,5371,5371,112.6509,0.0
2044,5372,5372,88.8785,2.5
2045,5373,5373,453.1664,3.0
2046,5374,5374,1373.3476,4.3
2047,5381,5381,652.6147,0.0
2048,5400,5400,171.4653,0.0
2049,5401,5401,269.0932,0.0
2050,5410,5410,88.1949,0.0
2051,5411,5411,102.5527,0.0
2052,5412,5412,218.3209,0.0
2053,5413,5413,502.8396,5.5
2054,5414,5414,93.3548,4.0
2055,5415,5415,130.8943,5.0
2056,5416,5416,167.9489,4.0
2057,5417,5417,17230.4585,2.8
2058,5418,5418,546.1272,0.0
2059,5419,5419,1432.8203,4.0
2060,5420,5420,279.6993,0.0
2061,5421,5421,318.5731,2.9
2062,5422,5422,3115.844,3.6333333333333333
2063,5431,5431,4000.9125,0.0
2064,5432,5432,8075.8495,3.966666666666667
2065,5433,5433,1523.8032,5.075
2066,5434,5434,9367.7992,3.0
2067,5440,5440,48669.2492,3.4
2068,5451,5451,141.8682,3.4000000000000004
2069,5452,5452,70.8572,0.0
2070,5453,5453,544.4628,2.75
2071,5454,5454,545.5774,3.5
2072,5455,5455,92.2952,0.0
2073,5460,5460,313.4523,0.0
2074,5461,5461,871.5763,4.0
2075,5462,5462,159.1215,0.0
2076,5464,5464,812.8317,4.0
2077,5470,5470,180.8056,0.0
2078,5471,5471,127.8191,0.0
2079,5472,5472,172.3594,0.0
2080,5473,5473,204.7636,10.0
2081,5480,5480,256.6451,4.4
2082,5481,5481,352.449,4.0
2083,5482,5482,440.7632,3.0
2084,5483,5483,328.6549,0.0
2085,5485,5485,601.7359,0.0
2086,5490,5490,262.8676,0.0
2087,5491,5491,777.598,3.5
2088,5493,5493,18.8997,0.0
2089,5495,5495,548.9596,0.0
2090,5501,5501,655.7071,4.266666666666667
2091,5502,5502,356.5446,2.0
2092,5510,5510,128.0996,0.0
2093,5520,5520,516.7301,4.0
2094,5521,5521,157.8364,3.0
2095,5522,5522,378.4738,0.0
2096,5523,5523,966.8183,4.5
2097,5540,5540,746.8247,3.0
2098,5550,5550,594.0299,7.5
2099,5552,5552,585.505,0.0
2100,5554,5554,431.7849,0.0
2101,5555,5555,605.9659,2.466666666666667
2102,5556,5556,146.5314,4.333333333333333
2103,5558,5558,429.9849,0.0
2104,5560,5560,363.8128,0.0
2105,5570,5570,199.1415,2.0
2106,5571,5571,523.3677,3.0
2107,5572,5572,145.011,0.0
2108,5573,5573,1116.7128,2.0
2109,5575,5575,1367.3235,0.0
2110,5576,5576,474.9031,4.0
2111,5577,5577,958.4969,0.0
2112,5580,5580,303.4677,0.0
2113,5581,5581,78.0889,0.0
2114,5582,5582,60.7914,0.0
2115,5583,5583,73.8878,0.0
2116,5600,5600,4440.9454,0.0
2117,5601,5601,1101.2389,4.3
2118,5602,5602,3268.8786,2.45
2119,5603,5603,1596.9115,3.0
2120,5604,5604,268.3535,0.0
2121,5605,5605,593.6214,4.0
2122,5606,5606,88.5758,0.0
2123,5607,5607,6379.9225,4.0
2124,5608,5608,14.1814,0.0
2125,5609,5609,3.0669,0.0
2126,5630,5630,261.0052,0.0
2127,5631,5631,683.4725,2.0
2128,5632,5632,839.6315,0.0
2129,5633,5633,1180.1994,2.0
2130,5640,5640,1185.2382,3.0
2131,5641,5641,5586.1415,4.3
2132,5642,5642,1840.0653,0.0
2133,5650,5650,1115.3651,2.9
2134,5651,5651,393.2341,0.0
2135,5652,5652,844.3886,0.0
2136,5653,5653,482.186,0.0
2137,5654,5654,2855.7105,0.0
2138,5655,5655,2572.3108,0.0
2139,5660,5660,465.7152,0.0
2140,5661,5661,1186.1577,0.0
2141,5670,5670,3448.4145,0.0
2142,5671,5671,1024.5239,0.0
2143,5680,5680,6743.6481,4.0
2144,5690,5690,191157.7691,3.4
2145,5700,5700,467.8028,2.0
2146,5701,5701,145.4637,2.0
2147,5710,5710,68.0934,4.0
2148,5713,5713,13811.9774,0.0
2149,5715,5715,7906.7542,0.0
2150,5717,5717,27097.7526,3.0
2151,5719,5719,36474.6506,3.0
2152,5720,5720,23480.1823,0.0
2153,5722,5722,23.8165,0.0
2154,5723,5723,78520.4522,4.0
2155,5724,5724,57785.322,3.9000000000000004
2156,5725,5725,288.3608,2.0
2157,5730,5730,5245.9302,0.0
2158,5731,5731,70900.5723,3.8
2159,5732,5732,10976.0128,0.0
2160,5733,5733,68876.0855,2.2
2161,5734,5734,65518.1629,0.0
2162,5950,5950,7.2952,0.0
2163,5960,5960,8.8253,0.0
2164,6000,6000,4.5634,0.0
2165,6003,6003,0.8386,0.0
2166,6004,6004,3.2048,0.0
2167,6005,6005,6.3714,0.0
2168,6006,6006,3.0669,0.0
2169,6007,6007,2.9761,0.0
2170,6008,6008,7.1124,0.0
2171,6009,6009,9.7499,0.0
2172,6010,6010,15.4326,3.45
2173,6011,6011,4.8188,0.0
2174,6012,6012,4.3472,0.0
2175,6014,6014,9.5601,5.5
2176,6015,6015,9.8264,2.0
2177,6016,6016,3.1658,5.5
2178,6017,6017,8.011,0.0
2179,6018,6018,18.8816,4.0
2180,6019,6019,9.3522,0.0
2181,6020,6020,12.8371,0.0
2182,6021,6021,11.9028,0.0
2183,6022,6022,3.3065,0.0
2184,6023,6023,7.4473,0.0
2185,6024,6024,8.5644,0.0
2186,6025,6025,19.6832,0.0
2187,6026,6026,15.4191,0.0
2188,6027,6027,32.6881,0.0
2189,6028,6028,11.7935,0.0
2190,6029,6029,2.3777,0.0
2191,6030,6030,24.0067,0.0
2192,6031,6031,41.7401,5.0
2193,6032,6032,40.0377,0.0
2194,6033,6033,19.0897,0.0
2195,6034,6034,15.4898,0.0
2196,6035,6035,218.5206,0.0
2197,6036,6036,9.0069,0.0
2198,6037,6037,51.6257,0.0
2199,6038,6038,17.1744,0.0
2200,6041,6041,268.0224,6.0
2201,6042,6042,12.8435,0.0
2202,6043,6043,221.2678,0.0
2203,6044,6044,654.143,0.0
2204,6050,6050,6.3582,0.0
2205,6051,6051,5.0046,0.0
2206,6052,6052,5.1575,0.0
2207,6053,6053,9.8453,0.0
2208,6054,6054,13.2011,0.0
2209,6055,6055,58.81,1.5
2210,6056,6056,102.5402,0.0
2211,6057,6057,18.718,0.0
2212,6058,6058,17.0785,4.4
2213,6059,6059,10.7402,0.0
2214,6060,6060,8.4539,0.0
2215,6061,6061,16.2742,0.0
2216,6062,6062,17.1502,0.0
2217,6063,6063,9.1646,0.0
2218,6064,6064,15.5884,0.0
2219,6065,6065,49.6904,1.0
2220,6066,6066,8.8563,1.7
2221,6067,6067,15.6755,0.0
2222,6068,6068,27.8788,0.0
2223,6069,6069,74.1533,0.0
2224,6070,6070,12.0621,0.0
2225,6071,6071,44.5963,0.0
2226,6072,6072,5.8633,0.0
2227,6073,6073,31.6307,0.0
2228,6074,6074,169.4161,0.0
2229,6076,6076,245.335,3.0
2230,6077,6077,33.4443,0.0
2231,6078,6078,146.3766,0.0
2232,6079,6079,100.3394,0.0
2233,6081,6081,37.4572,0.0
2234,6082,6082,76.1251,0.0
2235,6083,6083,507.9764,0.0
2236,6084,6084,635.2296,1.9
2237,6090,6090,6.5793,0.0
2238,6100,6100,7.5755,0.0
2239,6101,6101,6.2709,2.5
2240,6102,6102,7.1731,0.0
2241,6103,6103,3.3406,0.0
2242,6104,6104,10.7948,0.0
2243,6105,6105,32.8388,0.0
2244,6106,6106,8.314,0.0
2245,6107,6107,37.5338,0.0
2246,6108,6108,11.591,0.0
2247,6109,6109,24.7842,0.0
2248,6110,6110,62.0301,0.5
2249,6111,6111,457.6831,3.8
2250,6112,6112,135.3591,0.0
2251,6121,6121,88.0009,0.0
2252,6122,6122,123.3247,0.0
2253,6123,6123,35.8428,0.0
2254,6124,6124,256.3869,0.0
2255,6125,6125,220.6073,0.0
2256,6126,6126,180.6011,0.0
2257,6147,6147,8.685,3.0
2258,6148,6148,9.6115,0.0
2259,6149,6149,11.6173,0.0
2260,6150,6150,9.6981,0.0
2261,6151,6151,7.7565,0.0
2262,6152,6152,12.5505,0.0
2263,6153,6153,9.126,0.0
2264,6154,6154,5.533,0.0
2265,6155,6155,34.0901,0.0
2266,6156,6156,7.5866,0.0
2267,6157,6157,6.2652,0.0
2268,6158,6158,3.1384,0.0
2269,6159,6159,3.3362,0.0
2270,6160,6160,5.5311,0.0
2271,6161,6161,19.1817,0.0
2272,6162,6162,5.4319,0.0
2273,6163,6163,42.7309,0.0
2274,6164,6164,78.462,5.2
2275,6165,6165,18.2523,0.0
2276,6166,6166,35.3557,0.0
2277,6167,6167,76.6401,0.0
2278,6168,6168,49.0225,0.0
2279,6169,6169,31.3418,0.0
2280,6170,6170,25.1197,0.0
2281,6171,6171,87.3148,0.0
2282,6172,6172,21.2107,0.0
2283,6173,6173,6.5448,0.0
2284,6174,6174,4.4148,0.0
2285,6175,6175,3.6112,0.0
2286,6176,6176,32.2106,0.0
2287,6180,6180,13.5708,0.0
2288,6181,6181,9.052,0.0
2289,6182,6182,22.0186,0.0
2290,6207,6207,540.2147,0.0
2291,6208,6208,485.6095,0.0
2292,6209,6209,22.554,0.0
2293,6210,6210,63.4011,0.0
2294,6211,6211,98.0635,0.0
2295,6213,6213,498.195,0.0
2296,6214,6214,144.2855,0.0
2297,6215,6215,832.0899,0.0
2298,6218,6218,91.9458,0.0
2299,6220,6220,861.5389,0.0
2300,6221,6221,317.5631,0.0
2301,6223,6223,70.7741,0.0
2302,6224,6224,120.5191,0.0
2303,6225,6225,2920.9359,1.85
2304,6226,6226,95.065,0.0
2305,6227,6227,40.4442,0.0
2306,6228,6228,31.6676,0.0
2307,6229,6229,18.6645,0.0
2308,6230,6230,100.5368,2.1
2309,6232,6232,8.2782,0.0
2310,6233,6233,170.818,0.0
2311,6236,6236,432.335,4.4
2312,6237,6237,289.5948,2.9
2313,6239,6239,553.2523,0.0
2314,6240,6240,44.7333,0.0
2315,6243,6243,243.294,0.0
2316,6244,6244,2363.767,2.575
2317,6251,6251,174.28,2.0
2318,6252,6252,87.8886,0.0
2319,6253,6253,264.8321,0.0
2320,6254,6254,71.8219,0.0
2321,6255,6255,731.2648,0.0
2322,6256,6256,818.7282,0.0
2323,6258,6258,2766.2331,0.0
2324,6260,6260,1590.9793,0.6
2325,6262,6262,1708.5685,0.0
2326,6271,6271,208.8099,0.0
2327,6275,6275,2607.692,0.0
2328,6280,6280,871.7292,5.0
2329,6281,6281,120.6492,0.0
2330,6282,6282,94.6185,1.0
2331,6284,6284,596.2035,0.0
2332,6285,6285,843.1063,0.0
2333,6286,6286,311.6193,3.45
2334,6288,6288,388.093,0.0
2335,6290,6290,154.0756,0.0
2336,6302,6302,2757.3969,0.0
2337,6304,6304,1744.7142,0.0
2338,6306,6306,2015.1931,0.0
2339,6308,6308,2424.0898,9.0
2340,6309,6309,444.0201,0.0
2341,6311,6311,751.3169,0.0
2342,6312,6312,1299.4421,3.0
2343,6313,6313,542.3908,0.0
2344,6315,6315,2699.8651,0.0
2345,6316,6316,956.3503,0.0
2346,6317,6317,1822.974,4.4
2347,6318,6318,1172.9449,0.0
2348,6320,6320,1436.7136,0.0
2349,6321,6321,1207.8298,0.0
2350,6322,6322,414.6848,0.0
2351,6323,6323,388.3289,2.0
2352,6324,6324,2717.4273,3.28
2353,6326,6326,543.5276,0.0
2354,6327,6327,270.28,0.0
2355,6328,6328,2461.7753,4.0
2356,6330,6330,1428.1992,3.15
2357,6333,6333,1859.8488,0.0
2358,6335,6335,1018.5857,0.0
2359,6336,6336,2355.7587,4.4
2360,6337,6337,3403.7417,0.0
2361,6338,6338,3734.6508,1.0
2362,6341,6341,1963.9221,0.0
2363,6343,6343,3660.6597,0.0
2364,6346,6346,7273.0478,0.0
2365,6348,6348,538.349,0.0
2366,6350,6350,485.7632,4.4
2367,6351,6351,394.237,0.0
2368,6352,6352,769.5016,0.0
2369,6353,6353,3390.9954,2.9
2370,6355,6355,6019.582,0.0
2371,6356,6356,3563.1938,11.3
2372,6357,6357,877.6261,0.0
2373,6358,6358,1051.1574,0.0
2374,6359,6359,5611.9857,2.6333333333333333
2375,6361,6361,448.7822,0.0
2376,6363,6363,805.2948,0.0
2377,6365,6365,1848.4221,0.0
2378,6367,6367,1186.2881,0.0
2379,6368,6368,920.8954,0.0
2380,6369,6369,2171.4935,5.15
2381,6370,6370,834.9454,0.0
2382,6372,6372,384.8013,0.0
2383,6373,6373,559.0948,4.0
2384,6375,6375,1708.1362,0.0
2385,6383,6383,1797.2486,0.0
2386,6384,6384,219.6783,0.0
2387,6385,6385,342.9449,0.0
2388,6386,6386,534.7377,0.0
2389,6390,6390,2687.8869,0.0
2390,6391,6391,2290.0975,0.0
2391,6392,6392,1047.5695,0.0
2392,6393,6393,329.2705,0.0
2393,6394,6394,1568.5913,0.0
2394,6395,6395,1816.9031,2.0
2395,6396,6396,1391.3439,0.0
2396,6397,6397,882.6376,0.0
2397,6398,6398,1646.3684,0.0
2398,6401,6401,1286.1945,2.25
2399,6403,6403,60.0857,3.0
2400,6405,6405,750.1065,2.5
2401,6407,6407,1112.3393,0.0
2402,6409,6409,1101.692,2.4
2403,6410,6410,982.8496,0.0
2404,6411,6411,487.8053,0.0
2405,6412,6412,444.7781,0.0
2406,6413,6413,238.0088,0.0
2407,6414,6414,184.6471,0.0
2408,6415,6415,1687.8161,3.75
2409,6418,6418,1107.8771,0.0
2410,6419,6419,358.3108,0.0
2411,6420,6420,978.6081,0.0
2412,6421,6421,1246.3928,0.0
2413,6422,6422,528.0006,2.9
2414,6423,6423,1234.0873,0.0
2415,6424,6424,1623.2244,5.0
2416,6425,6425,1030.6138,4.0
2417,6426,6426,19004.6681,3.8600000000000003
2418,6427,6427,527.564,0.0
2419,6428,6428,380.8239,0.0
2420,6429,6429,23101.1675,2.0
2421,6430,6430,1218.1394,4.4
2422,6431,6431,106120.1588,2.1
2423,6432,6432,17.0965,1.5
2424,6434,6434,80288.4662,3.3
2425,6436,6436,34758.7851,0.0
2426,6437,6437,11582.6005,2.1
2427,6438,6438,20332.4557,3.5
2428,6440,6440,179984.601,3.85
2429,6442,6442,225.8115,4.4
2430,6443,6443,99855.7489,3.95
2431,6445,6445,9695.4814,3.1999999999999997
2432,6446,6446,1481.5702,0.0
2433,6447,6447,3582.9216,2.0
2434,6448,6448,734.2044,0.0
2435,6450,6450,13847.5248,6.15
2436,6452,6452,18504.6799,0.0
2437,6460,6460,941.4056,0.0
2438,6461,6461,648.8583,2.5
2439,6462,6462,797.0484,2.0
2440,6463,6463,174.9271,0.0
2441,6465,6465,417.1784,0.0
2442,6466,6466,449.0598,0.0
2443,6467,6467,342.5448,0.0
2444,6468,6468,3111.7785,4.075
2445,6470,6470,577.5903,0.0
2446,6472,6472,7400.6898,0.0
2447,6473,6473,1180.0273,3.7
2448,6475,6475,2254.7228,2.0
2449,6476,6476,806.4864,0.0
2450,6477,6477,1248.1256,0.0
2451,6479,6479,3965.8848,3.357142857142857
2452,6480,6480,242.0522,2.0
2453,6484,6484,8242.6947,0.0
2454,6485,6485,1419.5614,2.95
2455,6487,6487,463.0481,0.0
2456,6488,6488,615.3741,4.0
2457,6489,6489,572.7821,0.0
2458,6490,6490,1166.0245,0.0
2459,6501,6501,215.9524,0.0
2460,6502,6502,464.7474,0.0
2461,6503,6503,2267.3791,1.0
2462,6504,6504,106.523,0.0
2463,6505,6505,281.5417,0.0
2464,6506,6506,250.2769,4.0
2465,6507,6507,3002.0165,2.966666666666667
2466,6509,6509,691.506,0.0
2467,6510,6510,1463.4002,3.95
2468,6511,6511,9.8572,0.0
2469,6512,6512,566.0068,0.0
2470,6513,6513,1174.9253,1.6666666666666667
2471,6514,6514,223.225,0.0
2472,6515,6515,2565.5482,2.9
2473,6516,6516,525.8873,0.0
2474,6517,6517,1464.2113,2.65
2475,6518,6518,2405.9306,2.0
2476,6519,6519,2656.6928,2.6
2477,6521,6521,2958.5138,1.75
2478,6522,6522,1934.8857,2.0
2479,6525,6525,2369.3298,4.0
2480,6528,6528,220.9371,0.0
2481,6530,6530,127.279,0.0
2482,6532,6532,23482.9376,2.725
2483,6535,6535,2596.627,3.0
2484,6536,6536,3651.8525,4.0
2485,6537,6537,4454.1646,0.0
2486,6556,6556,197.3844,0.0
2487,6558,6558,47.3168,0.0
2488,6560,6560,55.1694,0.0
2489,6562,6562,348.3702,0.0
2490,6564,6564,48.3235,0.0
2491,6566,6566,911.089,3.0
2492,6567,6567,523.4298,0.0
2493,6568,6568,590.8465,0.0
2494,6569,6569,462.5505,0.0
2495,6571,6571,161.4917,0.0
2496,6572,6572,173.4525,2.0
2497,6574,6574,484.8706,0.0
2498,6575,6575,696.6588,2.0
2499,6603,6603,1725.7811,1.5
2500,6605,6605,510.1765,0.0
2501,6606,6606,781.2716,4.2
2502,6608,6608,749.9267,0.0
2503,6609,6609,1134.1823,6.900000000000001
2504,6612,6612,12610.7729,2.85
2505,6613,6613,572.1224,0.0
2506,6614,6614,571.4311,0.0
2507,6616,6616,662.4327,0.0
2508,6620,6620,6297.7335,0.0
2509,6623,6623,2853.6477,2.9
2510,6625,6625,610.5013,0.0
2511,6627,6627,816.2016,0.0
2512,6628,6628,632.5737,2.4
2513,6630,6630,30404.5645,0.0
2514,6631,6631,2175.8133,0.0
2515,6632,6632,1051.2995,0.0
2516,6635,6635,28587.3729,1.0
2517,6638,6638,13858.1182,4.875
2518,6639,6639,32605.2911,0.0
2519,6640,6640,20882.7935,0.0
2520,6642,6642,100188.5477,4.5
2521,6646,6646,181297.3382,0.0
2522,6701,6701,55074.8374,0.0
2523,6705,6705,57809.8737,1.75
2524,6707,6707,5978.8288,1.7
2525,6710,6710,21748.4079,4.0
2526,6711,6711,7.2335,0.0
2527,6712,6712,263.6601,0.0
2528,6713,6713,195.772,0.0
2529,6714,6714,14762.6158,2.0
2530,6716,6716,19482.551,0.0
2531,6718,6718,192.1505,0.0
2532,6720,6720,67.2387,0.0
2533,6721,6721,7890.6644,0.0
2534,6722,6722,4872.0708,0.0
2535,6725,6725,55384.6681,3.25
2536,6726,6726,9.3448,0.0
2537,6728,6728,101726.0551,0.0
2538,6731,6731,5.8671,0.0
2539,6733,6733,25.9226,0.0
2540,6740,6740,58423.1397,0.0
2541,6743,6743,59304.0731,2.25
2542,6751,6751,59183.6119,2.0
2543,6753,6753,28095.4685,0.0
2544,6754,6754,153.1272,0.0
2545,6758,6758,21883.0496,0.0
2546,6760,6760,35025.6567,3.5
2547,6762,6762,178407.81,0.0
2548,6765,6765,9040.606,0.0
2549,6770,6770,135340.1139,0.0
2550,6798,6798,136.1356,0.0
2551,6799,6799,13.7163,0.0
2552,7000,7000,10.8544,2.3333333333333335
2553,7001,7001,2.9842,0.0
2554,7004,7004,9.9204,2.5
2555,7005,7005,8.3746,0.0
2556,7007,7007,6.4677,0.0
2557,7008,7008,12.1908,0.0
2558,7009,7009,8.4598,0.0
2559,7010,7010,17.2278,0.0
2560,7011,7011,27.2078,0.0
2561,7012,7012,33.4333,0.0
2562,7015,7015,15.217,0.0
2563,7016,7016,13.2052,0.0
2564,7017,7017,133.432,0.0
2565,7018,7018,22.3442,0.0
2566,7019,7019,15.4231,0.0
2567,7020,7020,56.4144,2.1
2568,7021,7021,4.8376,0.0
2569,7022,7022,10.9778,0.0
2570,7023,7023,4.6423,0.0
2571,7024,7024,2.2327,0.0
2572,7025,7025,93.9067,0.0
2573,7026,7026,209.6857,0.0
2574,7027,7027,152.1166,0.0
2575,7030,7030,3314.4543,3.15
2576,7050,7050,38.6985,0.0
2577,7052,7052,6.2052,0.0
2578,7053,7053,8.0166,0.0
2579,7054,7054,308.0418,2.3000000000000003
2580,7055,7055,3.254,0.0
2581,7109,7109,1133.6961,0.0
2582,7112,7112,179.2618,0.0
2583,7113,7113,44.2352,0.0
2584,7116,7116,291.6012,2.0
2585,7117,7117,48.2803,2.0
2586,7119,7119,45.0101,0.0
2587,7120,7120,1513.0352,2.0
2588,7139,7139,72.0034,0.0
2589,7140,7140,18161.1844,2.4
2590,7150,7150,503.6592,4.0
2591,7155,7155,14.9581,0.0
2592,7162,7162,24.3229,0.0
2593,7163,7163,21.3361,0.0
2594,7170,7170,93.1647,0.0
2595,7171,7171,31.5554,0.0
2596,7172,7172,241.9126,0.0
2597,7173,7173,114.874,0.0
2598,7174,7174,42.5297,0.0
2599,7175,7175,62.3831,0.0
2600,7176,7176,62.1658,0.0
2601,7177,7177,90.3882,0.0
2602,7178,7178,96.6914,0.0
2603,7179,7179,51.4124,0.0
2604,7180,7180,18.7249,0.0
2605,7182,7182,175.4638,4.0
2606,7183,7183,12.5638,0.0
2607,7184,7184,123.9962,0.0
2608,7185,7185,18.1584,0.0
2609,7186,7186,82.794,0.0
2610,7187,7187,26.6414,0.0
2611,7190,7190,1792.4315,2.25
2612,7209,7209,1072.6269,0.0
2613,7210,7210,1144.2132,0.0
2614,7211,7211,413.3688,0.0
2615,7212,7212,1082.652,0.0
2616,7213,7213,1061.0291,0.0
2617,7214,7214,1376.0028,0.0
2618,7215,7215,1041.001,6.7
2619,7216,7216,791.9212,3.5
2620,7248,7248,38.6759,0.0
2621,7249,7249,12.5947,0.0
2622,7250,7250,174.2005,3.5
2623,7252,7252,495.9901,0.0
2624,7253,7253,153.8115,0.0
2625,7254,7254,278.9994,0.0
2626,7255,7255,1416.2192,0.0
2627,7256,7256,1095.7407,3.5
2628,7257,7257,580.4052,0.0
2629,7258,7258,97.9701,0.0
2630,7259,7259,483.9124,2.0
2631,7260,7260,760.429,2.1333333333333333
2632,7261,7261,81.7534,0.0
2633,7262,7262,717.5295,3.5
2634,7263,7263,352.3637,0.0
2635,7264,7264,1505.9856,0.0
2636,7265,7265,195.0655,0.0
2637,7267,7267,113.8586,0.0
2638,7268,7268,162.4062,0.0
2639,7270,7270,265.162,0.0
2640,7275,7275,340.3101,0.0
2641,7276,7276,5.9926,0.0
2642,7277,7277,98.6653,0.0
2643,7290,7290,10.6892,0.0
2644,7291,7291,59.4922,0.0
2645,7292,7292,244.3005,0.0
2646,7300,7300,110.7075,0.0
2647,7301,7301,418.4369,4.3
2648,7302,7302,676.5484,0.0
2649,7303,7303,295.7173,0.0
2650,7304,7304,3543.6698,5.0
2651,7305,7305,124.691,0.0
2652,7306,7306,1543.3453,0.0
2653,7307,7307,505.5673,2.0
2654,7310,7310,373.8262,0.0
2655,7315,7315,613.6239,0.0
2656,7316,7316,277.2041,0.0
2657,7320,7320,32.2927,0.0
2658,7321,7321,2370.2863,0.0
2659,7322,7322,26.8891,0.0
2660,7325,7325,799.9329,0.0
2661,7330,7330,2296.4486,3.9
2662,7331,7331,18.0189,0.0
2663,7466,7466,68.8166,0.0
2664,7467,7467,144.0971,0.0
2665,7468,7468,309.9843,0.0
2666,7469,7469,5893.7056,0.0
2667,7470,7470,108.051,0.0
